125,125,-1
1,20,1
1,22,1
1,51,1
1,59,1
1,68,2
1,73,1
1,74,2
1,76,1
1,79,2
1,80,1
1,81,1
1,82,1
1,87,1
1,90,1
1,119,1
1,122,1
2,32,1
2,36,1
2,47,1
2,63,1
2,65,1
2,66,1
2,68,2
2,80,1
2,82,2
2,86,3
2,87,3
2,88,2
2,89,2
2,90,3
2,91,3
2,92,1
2,93,1
2,106,1
2,111,1
2,117,1
2,119,1
2,121,1
2,122,1
3,25,1
3,31,2
3,36,2
3,59,1
3,63,1
3,70,1
3,71,2
3,72,1
3,78,1
3,79,2
3,82,3
3,87,2
3,88,2
3,89,3
3,90,1
3,91,2
3,92,2
3,96,2
3,97,4
3,98,1
3,105,1
3,107,1
3,111,1
3,112,1
3,114,2
3,118,2
3,124,1
4,13,1
4,23,1
4,30,1
4,39,1
4,40,1
4,41,1
4,56,1
4,60,1
4,61,1
4,75,2
4,76,2
4,79,1
4,80,1
4,82,1
4,83,1
4,85,1
4,86,1
4,87,1
4,88,2
4,89,1
4,90,1
4,93,2
4,94,1
4,95,2
4,96,1
4,97,1
4,98,1
4,99,2
4,111,1
4,115,2
4,120,1
5,2,1
5,7,2
5,25,1
5,27,1
5,31,5
5,32,2
5,44,1
5,47,1
5,60,3
5,61,1
5,62,4
5,68,2
5,72,1
5,78,2
5,80,1
5,81,2
5,82,6
5,83,14
5,84,1
5,85,1
5,86,2
5,88,2
5,89,3
5,90,1
5,91,3
5,92,2
5,93,2
5,95,1
5,96,1
5,108,1
5,114,2
5,122,2
5,123,1
6,5,2
6,9,3
6,28,1
6,31,2
6,32,2
6,46,1
6,50,1
6,62,1
6,63,1
6,68,1
6,71,1
6,73,1
6,77,1
6,78,3
6,80,2
6,82,2
6,83,8
6,84,1
6,85,1
6,86,1
6,87,3
6,89,3
6,90,3
6,92,2
6,93,3
6,97,1
6,110,1
6,114,1
6,118,1
7,4,1
7,5,1
7,24,2
7,26,1
7,27,5
7,28,3
7,29,2
7,65,1
7,67,1
7,68,3
7,69,1
7,77,2
7,78,2
7,79,1
7,81,1
7,82,2
7,83,3
7,84,3
7,87,2
7,88,7
7,89,4
7,90,2
7,91,3
7,92,6
7,93,1
7,97,1
7,113,1
8,5,1
8,6,1
8,24,1
8,25,2
8,27,11
8,29,5
8,30,1
8,32,1
8,34,1
8,61,4
8,65,1
8,67,1
8,68,2
8,69,2
8,70,1
8,74,2
8,77,1
8,78,3
8,80,1
8,81,3
8,82,1
8,83,1
8,84,1
8,85,2
8,86,1
8,88,12
8,89,24
8,90,2
8,91,4
8,92,2
8,94,1
8,95,1
8,96,2
8,100,1
8,102,1
9,16,1
9,25,1
9,26,6
9,27,4
9,28,4
9,29,2
9,30,1
9,34,1
9,47,1
9,56,1
9,59,1
9,60,1
9,61,1
9,64,10
9,66,1
9,67,1
9,72,1
9,76,1
9,78,1
9,80,2
9,81,2
9,82,2
9,83,1
9,86,1
9,87,3
9,88,4
9,89,8
9,90,1
9,91,1
9,92,2
9,93,4
9,94,3
9,95,3
9,110,1
9,113,1
9,124,1
10,11,1
10,26,1
10,27,1
10,28,2
10,36,1
10,37,1
10,47,1
10,50,1
10,53,1
10,60,1
10,62,1
10,63,1
10,64,2
10,69,1
10,70,1
10,71,4
10,74,1
10,77,3
10,80,2
10,81,1
10,82,2
10,83,1
10,84,1
10,87,1
10,88,3
10,90,2
10,91,1
10,93,1
10,94,2
10,95,2
10,118,1
11,24,1
11,27,3
11,28,8
11,29,1
11,47,2
11,48,1
11,49,1
11,51,1
11,52,1
11,60,1
11,63,1
11,64,1
11,74,1
11,77,1
11,78,2
11,79,2
11,80,3
11,81,2
11,82,3
11,84,1
11,87,1
11,88,4
11,90,2
11,97,1
11,106,2
11,109,1
11,121,1
12,12,1
12,17,2
12,44,1
12,45,2
12,52,2
12,54,1
12,55,1
12,56,1
12,66,1
12,67,1
12,69,3
12,70,1
12,74,4
12,77,6
12,78,1
12,79,1
12,82,1
12,83,1
12,88,1
12,94,2
12,95,2
12,97,1
12,105,1
12,108,1
12,109,1
12,112,3
12,114,1
13,8,1
13,14,1
13,17,1
13,20,1
13,28,1
13,44,1
13,55,1
13,60,1
13,70,1
13,73,2
13,75,1
13,78,2
13,80,4
13,81,7
13,83,1
13,84,1
13,86,1
13,88,2
13,89,4
13,90,2
13,94,1
13,95,2
13,100,1
13,101,1
13,104,1
13,111,3
13,115,2
14,10,2
14,40,1
14,43,2
14,53,1
14,54,1
14,59,1
14,63,1
14,64,1
14,66,1
14,67,1
14,68,1
14,69,1
14,71,2
14,78,2
14,80,1
14,83,1
14,85,1
14,88,2
14,89,1
14,90,2
14,91,3
14,95,1
14,96,1
14,98,1
14,99,1
14,100,1
14,102,1
14,103,2
14,104,1
14,110,2
14,111,1
14,114,1
15,9,1
15,16,1
15,18,1
15,19,2
15,25,1
15,27,1
15,43,3
15,48,2
15,54,3
15,57,1
15,68,1
15,69,1
15,70,2
15,71,3
15,73,2
15,75,1
15,77,20
15,78,1
15,79,1
15,80,2
15,88,2
15,90,1
15,93,3
15,96,1
15,97,1
15,98,1
15,99,1
15,102,1
15,108,1
15,109,1
15,110,2
16,13,1
16,36,1
16,39,1
16,42,1
16,48,2
16,51,1
16,52,1
16,55,6
16,56,7
16,57,11
16,60,2
16,62,1
16,65,2
16,66,1
16,68,2
16,69,2
16,70,1
16,71,3
16,72,1
16,73,2
16,75,1
16,76,3
16,77,3
16,78,3
16,80,1
16,82,1
16,88,1
16,89,1
16,93,1
16,94,1
16,104,3
16,105,1
17,33,1
17,48,1
17,51,1
17,54,1
17,57,1
17,58,2
17,59,16
17,60,10
17,61,3
17,65,1
17,68,1
17,70,3
17,71,4
17,72,1
17,73,2
17,74,2
17,75,3
17,76,1
17,78,1
17,83,1
17,86,1
17,97,1
17,101,1
17,102,1
17,105,2
17,106,1
17,121,2
18,3,1
18,10,1
18,11,1
18,14,1
18,22,4
18,35,1
18,37,1
18,41,1
18,44,1
18,50,1
18,52,21
18,54,2
18,58,205
18,59,43
18,60,16
18,61,16
18,62,13
18,63,1
18,64,1
18,67,1
18,70,2
18,72,1
18,73,5
18,75,5
18,76,1
18,79,1
18,80,1
18,81,1
18,86,2
18,88,1
18,90,1
18,92,1
18,98,1
18,100,1
18,104,2
18,108,1
19,23,1
19,26,1
19,48,1
19,50,2
19,51,1
19,53,2
19,56,1
19,57,1
19,58,259
19,59,27
19,60,146
19,61,2
19,63,9
19,64,9
19,65,2
19,67,5
19,69,1
19,72,1
19,73,1
19,74,1
19,75,12
19,76,3
19,77,3
19,82,1
19,87,1
19,89,2
19,90,4
19,91,2
19,92,1
19,98,2
19,99,1
19,105,1
19,110,1
20,12,1
20,30,1
20,36,2
20,39,1
20,50,5
20,55,1
20,56,1
20,57,1
20,58,71
20,59,116
20,60,303
20,61,1
20,62,2
20,64,11
20,65,2
20,68,9
20,70,1
20,71,1
20,72,2
20,73,3
20,74,1
20,75,3
20,76,1
20,83,1
20,84,1
20,87,2
20,88,2
20,104,4
20,105,7
20,106,4
20,119,1
20,122,2
20,126,1
21,2,1
21,6,1
21,15,1
21,16,1
21,34,1
21,42,1
21,43,2
21,54,1
21,55,2
21,60,2
21,61,1
21,62,2
21,63,2
21,64,16
21,66,1
21,67,1
21,68,1
21,70,1
21,71,2
21,72,7
21,73,1
21,74,2
21,75,2
21,76,1
21,77,1
21,80,1
21,82,1
21,88,3
21,89,2
21,90,3
21,95,1
21,96,1
21,98,1
21,100,3
21,101,1
21,104,1
21,107,1
21,112,1
22,4,1
22,13,1
22,18,1
22,22,1
22,30,2
22,31,2
22,34,2
22,35,1
22,38,1
22,40,1
22,41,5
22,42,1
22,51,1
22,54,1
22,55,1
22,56,1
22,64,5
22,65,16
22,66,2
22,67,2
22,71,13
22,72,4
22,73,1
22,74,2
22,75,2
22,77,3
22,79,1
22,84,1
22,85,1
22,87,1
22,88,1
22,89,2
22,90,2
22,99,1
22,101,1
22,103,3
22,104,1
22,109,1
22,111,3
22,117,2
23,4,1
23,12,1
23,15,1
23,16,1
23,20,1
23,25,1
23,27,1
23,29,4
23,30,2
23,31,1
23,32,1
23,36,3
23,38,2
23,39,1
23,40,3
23,41,1
23,43,1
23,49,1
23,59,2
23,63,2
23,64,13
23,66,1
23,67,3
23,69,1
23,71,5
23,72,1
23,73,1
23,74,3
23,76,1
23,77,1
23,86,2
23,89,3
23,90,1
23,91,1
23,93,1
23,95,1
23,96,1
23,99,1
23,102,1
23,104,2
23,111,3
23,116,1
23,120,3
23,122,1
24,5,1
24,8,1
24,9,1
24,27,2
24,28,1
24,29,4
24,35,1
24,36,1
24,37,2
24,38,2
24,40,2
24,41,2
24,42,1
24,49,1
24,63,5
24,64,9
24,65,4
24,66,2
24,67,2
24,68,2
24,71,2
24,72,18
24,73,2
24,74,1
24,75,1
24,77,1
24,78,1
24,82,1
24,83,2
24,86,1
24,87,3
24,88,2
24,92,1
24,93,1
24,95,1
24,97,1
24,99,1
24,100,1
24,101,1
24,102,1
24,104,3
24,109,1
24,110,1
24,113,1
24,115,1
24,116,1
24,117,3
24,118,1
24,123,1
24,126,1
25,15,1
25,19,1
25,29,1
25,35,2
25,36,2
25,37,1
25,38,3
25,40,1
25,41,1
25,42,1
25,59,2
25,60,2
25,63,19
25,64,1
25,66,1
25,67,2
25,70,3
25,72,1
25,73,1
25,74,2
25,75,1
25,76,1
25,78,2
25,79,2
25,80,4
25,81,1
25,83,2
25,84,2
25,85,1
25,86,1
25,87,2
25,90,2
25,91,3
25,92,2
25,93,1
25,95,2
25,98,1
25,100,1
25,101,1
25,109,2
25,118,1
25,120,2
25,121,1
25,125,2
25,126,1
26,1,1
26,2,1
26,7,1
26,22,1
26,23,1
26,27,1
26,28,1
26,29,3
26,35,82
26,36,1
26,37,2
26,38,1
26,40,2
26,45,1
26,53,2
26,58,1
26,59,1
26,60,2
26,61,1
26,63,2
26,65,2
26,66,1
26,67,1
26,68,1
26,69,1
26,70,3
26,71,3
26,72,1
26,73,3
26,74,2
26,75,1
26,77,1
26,78,1
26,79,1
26,81,1
26,82,2
26,83,4
26,84,2
26,87,1
26,88,2
26,89,1
26,92,2
26,94,1
26,98,1
26,100,2
26,101,1
26,107,1
26,114,1
26,116,2
26,120,1
26,122,1
26,125,2
26,126,1
27,8,1
27,11,1
27,13,1
27,17,1
27,18,1
27,26,1
27,33,2
27,34,9
27,35,11
27,41,1
27,43,2
27,46,1
27,51,1
27,52,1
27,56,1
27,57,1
27,59,2
27,62,6
27,63,1
27,64,1
27,68,1
27,69,1
27,70,3
27,71,1
27,72,1
27,73,1
27,75,3
27,76,1
27,78,1
27,79,1
27,82,1
27,84,1
27,87,2
27,88,1
27,90,3
27,91,5
27,92,2
27,93,1
27,94,1
27,97,2
27,98,3
27,99,1
27,100,1
27,101,1
27,103,1
27,106,1
27,111,1
27,112,1
27,114,1
27,116,1
28,5,1
28,10,1
28,18,1
28,29,1
28,32,1
28,34,9
28,35,8
28,38,1
28,42,2
28,43,3
28,49,1
28,53,1
28,54,1
28,56,1
28,57,1
28,58,1
28,59,1
28,60,1
28,61,9
28,62,3
28,68,1
28,69,2
28,70,1
28,71,1
28,72,1
28,74,2
28,77,2
28,78,1
28,79,1
28,81,2
28,82,1
28,83,2
28,85,1
28,87,1
28,88,3
28,89,1
28,90,5
28,91,3
28,92,6
28,93,1
28,95,1
28,96,2
28,97,1
28,98,3
28,99,1
28,100,1
28,102,2
28,104,1
28,105,5
28,106,1
28,109,1
28,112,1
28,120,1
28,124,1
29,24,1
29,31,1
29,33,1
29,34,3
29,35,29
29,36,1
29,43,1
29,44,1
29,45,1
29,49,1
29,51,2
29,58,1
29,61,3
29,67,2
29,69,2
29,70,4
29,71,1
29,72,1
29,73,4
29,77,2
29,78,2
29,79,4
29,80,2
29,81,2
29,82,4
29,84,1
29,85,2
29,87,1
29,88,7
29,89,4
29,90,2
29,91,4
29,93,1
29,94,2
29,96,1
29,97,5
29,98,2
29,99,2
29,103,2
29,104,2
29,105,2
29,112,6
29,116,2
29,117,25
29,120,1
29,123,1
30,11,1
30,16,1
30,24,2
30,32,1
30,34,2
30,35,5
30,39,1
30,40,1
30,41,1
30,44,1
30,48,1
30,51,1
30,52,1
30,53,1
30,54,1
30,55,1
30,58,1
30,59,1
30,60,1
30,64,2
30,66,2
30,67,1
30,68,2
30,70,2
30,71,2
30,72,1
30,73,1
30,74,2
30,75,8
30,76,7
30,77,4
30,78,2
30,79,3
30,80,2
30,82,2
30,83,5
30,84,1
30,85,2
30,87,1
30,89,2
30,90,8
30,91,3
30,93,5
30,94,1
30,96,1
30,97,2
30,99,5
30,103,2
30,106,1
30,107,1
30,109,2
30,110,1
30,112,1
30,113,1
30,114,1
30,118,1
30,120,1
31,10,2
31,18,1
31,19,1
31,25,2
31,34,2
31,39,2
31,40,2
31,41,4
31,44,1
31,45,2
31,46,3
31,47,1
31,48,2
31,50,2
31,51,1
31,53,3
31,54,1
31,55,3
31,58,2
31,59,3
31,60,4
31,61,1
31,66,2
31,69,2
31,70,2
31,71,5
31,72,1
31,73,5
31,75,1
31,77,1
31,78,1
31,79,3
31,80,2
31,81,1
31,82,3
31,83,1
31,86,1
31,88,2
31,89,6
31,90,6
31,91,5
31,92,5
31,93,4
31,94,5
31,95,1
31,96,2
31,97,2
31,98,3
31,99,4
31,100,2
31,101,1
31,102,1
31,103,1
31,110,2
31,111,1
31,114,1
31,117,1
32,1,1
32,11,1
32,14,1
32,19,1
32,24,1
32,27,1
32,30,1
32,31,1
32,35,3
32,39,1
32,40,2
32,42,4
32,43,4
32,46,1
32,47,1
32,48,4
32,49,2
32,50,2
32,51,4
32,52,3
32,53,3
32,54,2
32,55,2
32,57,3
32,59,1
32,60,1
32,62,2
32,63,2
32,64,1
32,65,1
32,67,2
32,68,1
32,70,2
32,71,1
32,72,14
32,73,2
32,74,6
32,75,2
32,76,2
32,77,2
32,78,2
32,79,1
32,80,2
32,81,2
32,82,2
32,83,2
32,89,1
32,91,3
32,92,13
32,93,33
32,94,35
32,95,5
32,96,1
32,97,1
32,98,1
32,99,2
32,100,3
32,101,1
32,102,1
32,103,1
32,105,2
32,109,5
32,111,2
32,119,1
32,120,1
32,121,1
33,18,1
33,25,1
33,26,2
33,27,1
33,28,2
33,29,1
33,30,2
33,32,1
33,33,1
33,35,41
33,36,1
33,38,1
33,42,7
33,43,13
33,48,2
33,50,3
33,51,2
33,52,7
33,53,1
33,54,1
33,55,1
33,56,2
33,57,1
33,58,1
33,59,2
33,60,1
33,61,2
33,62,1
33,63,3
33,64,1
33,65,1
33,66,2
33,67,3
33,68,3
33,69,2
33,70,1
33,71,1
33,72,1
33,73,2
33,74,1
33,75,2
33,76,1
33,77,1
33,80,1
33,81,2
33,82,25
33,83,1
33,85,2
33,88,1
33,89,2
33,90,4
33,91,2
33,92,6
33,93,29
33,94,16
33,95,3
33,98,1
33,99,3
33,100,2
33,101,3
33,102,2
33,103,2
33,104,2
33,118,6
33,119,1
33,124,1
34,8,2
34,13,1
34,16,2
34,17,1
34,19,1
34,20,3
34,21,3
34,23,2
34,24,2
34,25,3
34,27,3
34,28,2
34,29,1
34,30,1
34,31,2
34,32,2
34,33,1
34,39,1
34,41,1
34,42,1
34,43,2
34,46,2
34,48,1
34,49,2
34,50,2
34,51,4
34,52,2
34,53,5
34,54,1
34,56,1
34,61,2
34,62,1
34,64,1
34,67,6
34,68,4
34,69,3
34,70,3
34,71,2
34,72,2
34,73,1
34,74,2
34,75,2
34,76,3
34,77,1
34,78,1
34,79,1
34,83,1
34,86,1
34,87,1
34,88,1
34,89,3
34,90,3
34,91,2
34,92,2
34,93,3
34,94,2
34,95,2
34,96,3
34,97,5
34,98,2
34,99,3
34,100,1
34,101,3
34,102,4
34,103,2
34,104,2
34,105,2
34,110,1
34,111,1
34,115,1
34,126,3
35,4,1
35,9,1
35,19,1
35,20,3
35,21,2
35,24,5
35,25,1
35,27,4
35,28,1
35,29,1
35,31,1
35,32,2
35,35,2
35,36,1
35,38,2
35,40,2
35,43,2
35,45,1
35,46,1
35,47,1
35,48,1
35,53,9
35,55,4
35,57,1
35,59,1
35,61,2
35,62,1
35,63,7
35,64,3
35,65,5
35,66,2
35,67,3
35,68,4
35,69,6
35,70,1
35,71,3
35,73,2
35,75,1
35,77,4
35,78,7
35,79,2
35,80,2
35,83,2
35,87,1
35,89,1
35,92,5
35,93,7
35,94,1
35,95,2
35,96,2
35,97,2
35,98,3
35,99,5
35,100,1
35,101,4
35,102,6
35,103,1
35,104,1
35,105,1
35,108,1
35,112,1
35,113,1
35,114,1
35,118,2
36,16,1
36,18,1
36,20,2
36,22,1
36,23,3
36,25,2
36,26,5
36,27,2
36,28,2
36,29,2
36,30,4
36,31,5
36,32,3
36,33,2
36,36,1
36,37,1
36,38,1
36,39,1
36,40,1
36,41,1
36,42,2
36,44,1
36,47,3
36,48,2
36,50,1
36,51,1
36,52,4
36,53,1
36,54,1
36,55,1
36,56,3
36,57,6
36,58,3
36,59,1
36,60,2
36,61,4
36,62,2
36,63,10
36,64,2
36,65,2
36,66,4
36,67,4
36,68,2
36,70,1
36,71,2
36,72,3
36,73,2
36,74,1
36,75,1
36,76,2
36,77,3
36,78,2
36,79,3
36,83,1
36,84,2
36,85,4
36,86,1
36,90,1
36,91,4
36,92,1
36,93,3
36,94,2
36,95,2
36,96,4
36,97,3
36,98,5
36,99,4
36,100,3
36,102,6
36,105,2
36,106,5
36,107,1
36,110,23
36,111,1
36,113,1
36,115,1
36,118,1
36,119,1
36,120,1
36,122,2
36,124,1
36,126,1
37,21,1
37,22,2
37,24,1
37,27,1
37,28,1
37,29,4
37,30,3
37,31,1
37,36,3
37,37,1
37,38,1
37,39,2
37,40,1
37,42,1
37,43,1
37,45,2
37,46,1
37,47,2
37,48,1
37,50,18
37,51,1
37,54,3
37,55,3
37,56,2
37,57,5
37,58,7
37,59,2
37,62,2
37,63,2
37,64,2
37,65,2
37,66,12
37,67,19
37,68,9
37,69,3
37,71,6
37,72,1
37,73,1
37,74,2
37,76,2
37,77,1
37,78,2
37,79,1
37,81,1
37,82,1
37,83,1
37,84,1
37,85,1
37,86,2
37,88,1
37,89,1
37,90,1
37,91,2
37,92,5
37,94,2
37,95,1
37,96,2
37,97,1
37,98,3
37,99,7
37,100,2
37,101,2
37,103,2
37,104,4
37,105,1
37,106,3
37,107,3
37,108,1
37,110,1
37,113,1
37,114,1
37,115,3
37,116,1
37,117,2
37,118,1
38,9,1
38,16,1
38,18,1
38,24,6
38,25,1
38,26,1
38,27,1
38,28,7
38,29,5
38,30,1
38,33,1
38,34,1
38,35,5
38,36,1
38,38,2
38,39,1
38,40,1
38,41,2
38,42,1
38,44,1
38,47,6
38,48,1
38,49,2
38,50,1
38,51,1
38,52,3
38,53,1
38,54,3
38,55,1
38,56,2
38,57,15
38,59,8
38,60,1
38,61,3
38,62,7
38,63,10
38,64,2
38,65,11
38,66,10
38,67,6
38,68,10
38,69,3
38,70,1
38,71,21
38,72,3
38,73,2
38,75,4
38,77,2
38,78,6
38,80,4
38,81,3
38,83,2
38,84,1
38,85,2
38,87,3
38,88,1
38,89,1
38,90,1
38,91,1
38,92,1
38,93,3
38,94,1
38,95,2
38,96,4
38,97,2
38,98,3
38,99,4
38,100,5
38,101,1
38,102,5
38,104,6
38,105,13
38,106,6
38,107,1
38,114,1
38,115,1
38,120,4
38,122,1
38,124,1
39,8,1
39,25,1
39,28,1
39,30,5
39,31,6
39,32,3
39,34,3
39,35,17
39,36,4
39,42,1
39,44,5
39,45,3
39,46,3
39,52,1
39,58,2
39,59,13
39,60,1
39,61,1
39,63,3
39,64,3
39,65,8
39,66,6
39,67,20
39,68,6
39,69,6
39,70,2
39,71,6
39,72,2
39,73,3
39,77,3
39,78,3
39,79,2
39,80,2
39,81,1
39,82,2
39,83,1
39,84,1
39,85,2
39,86,3
39,89,2
39,90,1
39,92,3
39,93,1
39,94,2
39,97,1
39,98,1
39,99,7
39,100,14
39,102,2
39,103,1
39,104,3
39,105,148
39,106,29
39,107,4
39,108,1
39,110,2
39,111,1
39,114,2
39,115,1
39,123,1
39,125,1
40,15,1
40,17,2
40,23,1
40,25,3
40,26,1
40,27,3
40,28,3
40,29,2
40,30,2
40,31,4
40,32,8
40,33,2
40,34,13
40,35,2
40,36,9
40,37,3
40,38,4
40,39,2
40,40,1
40,41,2
40,42,1
40,43,1
40,45,5
40,46,4
40,48,1
40,49,1
40,50,1
40,51,1
40,52,1
40,53,1
40,55,1
40,56,1
40,57,1
40,58,2
40,59,3
40,60,2
40,61,1
40,62,12
40,63,22
40,64,3
40,65,6
40,66,5
40,67,14
40,68,6
40,69,6
40,70,6
40,71,2
40,72,6
40,73,1
40,74,2
40,75,2
40,76,2
40,77,6
40,78,3
40,79,3
40,80,6
40,81,5
40,82,1
40,83,2
40,84,2
40,86,1
40,87,2
40,88,2
40,89,2
40,90,3
40,91,1
40,92,7
40,93,3
40,94,1
40,95,4
40,97,2
40,98,2
40,99,6
40,100,10
40,101,4
40,103,4
40,104,3
40,105,12
40,106,15
40,107,3
40,109,3
40,113,2
40,116,1
40,124,1
41,18,1
41,27,4
41,28,2
41,29,4
41,30,3
41,31,1
41,32,1
41,33,3
41,34,1
41,35,7
41,36,3
41,37,5
41,38,4
41,41,1
41,43,2
41,44,2
41,45,5
41,46,4
41,47,4
41,49,2
41,50,3
41,51,1
41,53,2
41,54,4
41,55,1
41,56,1
41,57,4
41,58,2
41,60,4
41,61,3
41,62,3
41,63,10
41,64,4
41,65,2
41,66,2
41,67,13
41,68,39
41,69,13
41,70,8
41,71,11
41,72,4
41,73,4
41,74,4
41,76,3
41,77,4
41,78,5
41,79,7
41,80,3
41,81,3
41,82,1
41,84,4
41,85,7
41,86,6
41,87,2
41,88,1
41,89,1
41,90,1
41,91,19
41,92,16
41,93,3
41,94,1
41,95,4
41,96,1
41,97,4
41,98,6
41,99,6
41,100,3
41,101,1
41,102,2
41,105,3
41,106,3
41,107,3
41,108,2
41,109,2
41,110,2
41,112,1
41,113,1
41,119,2
41,122,1
42,22,2
42,24,1
42,25,2
42,26,1
42,27,1
42,28,5
42,29,4
42,30,2
42,31,2
42,32,1
42,33,2
42,34,4
42,35,2
42,36,1
42,37,6
42,39,1
42,40,1
42,42,1
42,43,4
42,44,1
42,45,3
42,46,3
42,47,2
42,48,1
42,50,1
42,51,7
42,53,2
42,54,1
42,56,3
42,58,11
42,59,1
42,60,10
42,61,5
42,62,6
42,63,4
42,64,9
42,65,8
42,66,6
42,67,11
42,68,26
42,69,32
42,70,22
42,71,16
42,72,17
42,73,4
42,74,2
42,75,4
42,76,4
42,77,11
42,78,5
42,79,6
42,80,2
42,81,4
42,82,6
42,83,1
42,84,2
42,85,4
42,86,7
42,87,3
42,88,8
42,89,4
42,90,1
42,91,3
42,92,2
42,93,9
42,94,2
42,95,1
42,97,1
42,98,7
42,99,39
42,100,8
42,101,3
42,102,1
42,103,1
42,105,4
42,106,4
42,107,5
42,108,1
42,109,2
42,111,1
42,112,1
42,113,1
42,116,1
42,117,1
42,123,1
42,124,2
42,125,2
43,19,1
43,21,1
43,26,2
43,27,5
43,28,4
43,29,4
43,30,3
43,31,5
43,32,1
43,33,4
43,34,4
43,36,4
43,37,2
43,38,5
43,39,1
43,40,1
43,43,1
43,44,1
43,46,1
43,47,3
43,51,1
43,52,5
43,53,2
43,54,2
43,55,2
43,56,1
43,57,2
43,58,4
43,60,8
43,61,14
43,62,4
43,63,1
43,64,14
43,65,2
43,66,14
43,67,6
43,68,28
43,69,40
43,70,31
43,71,26
43,72,14
43,73,3
43,74,4
43,75,4
43,76,11
43,77,2
43,78,5
43,79,5
43,80,4
43,81,1
43,82,5
43,83,5
43,84,4
43,85,6
43,86,5
43,87,1
43,88,5
43,89,2
43,90,5
43,91,2
43,93,6
43,97,8
43,98,9
43,99,23
43,100,15
43,101,1
43,102,3
43,103,1
43,105,10
43,106,4
43,108,3
43,109,1
43,111,3
43,112,3
43,113,1
43,114,1
43,115,2
43,117,1
43,121,3
44,1,1
44,6,1
44,26,5
44,27,1
44,28,3
44,29,4
44,30,4
44,31,2
44,32,2
44,33,5
44,34,1
44,35,2
44,36,2
44,37,2
44,39,1
44,40,1
44,43,1
44,44,2
44,46,1
44,49,2
44,50,1
44,51,2
44,53,44
44,54,6
44,55,11
44,56,1
44,57,2
44,58,1
44,59,5
44,60,11
44,61,1
44,62,2
44,63,23
44,64,7
44,65,8
44,66,7
44,67,7
44,68,23
44,69,1457
44,70,23
44,71,35
44,72,20
44,73,9
44,74,7
44,75,26
44,76,12
44,77,10
44,78,6
44,79,4
44,80,8
44,81,3
44,82,4
44,83,4
44,84,5
44,85,3
44,86,2
44,87,3
44,88,6
44,89,3
44,90,11
44,91,4
44,92,2
44,93,9
44,94,4
44,95,2
44,96,3
44,98,5
44,99,3
44,100,47
44,101,1
44,102,6
44,103,5
44,104,1
44,105,4
44,106,71
44,107,1
44,108,2
44,109,1
44,110,3
44,111,11
44,112,4
44,113,4
44,115,1
44,117,1
44,118,3
44,119,2
44,125,1
45,4,1
45,23,1
45,25,1
45,26,4
45,27,5
45,28,3
45,30,3
45,31,1
45,32,2
45,33,1
45,35,1
45,36,4
45,37,1
45,38,1
45,40,1
45,41,1
45,43,5
45,46,1
45,47,2
45,48,3
45,49,1
45,50,3
45,52,2
45,55,3
45,56,3
45,57,2
45,58,4
45,59,5
45,60,10
45,61,3
45,62,8
45,63,4
45,64,7
45,65,9
45,66,7
45,67,7
45,68,28
45,69,28
45,70,22
45,71,15
45,72,49
45,73,13
45,74,10
45,75,6
45,76,4
45,77,12
45,78,15
45,79,3
45,80,6
45,81,4
45,82,6
45,83,37
45,84,5
45,85,1
45,86,4
45,87,7
45,88,10
45,89,11
45,90,2
45,91,2
45,92,3
45,93,2
45,94,5
45,95,2
45,96,3
45,98,5
45,99,3
45,100,4
45,101,1
45,103,2
45,106,1
45,107,1
45,109,2
45,110,10
45,111,4
45,112,6
45,113,1
45,114,1
45,115,1
45,116,2
45,117,1
45,124,2
46,20,1
46,25,1
46,29,1
46,30,1
46,33,2
46,34,1
46,39,1
46,40,12
46,43,1
46,44,1
46,45,4
46,46,2
46,47,3
46,48,3
46,49,1
46,50,2
46,51,3
46,52,4
46,53,1
46,54,1
46,55,2
46,56,3
46,57,2
46,58,7
46,59,6
46,60,5
46,61,5
46,62,8
46,63,4
46,64,6
46,65,11
46,66,12
46,67,16
46,68,25
46,69,20
46,70,20
46,71,23
46,72,19
46,73,11
46,74,20
46,75,21
46,76,18
46,77,17
46,78,12
46,79,12
46,80,4
46,81,16
46,82,5
46,83,4
46,84,21
46,85,6
46,86,8
46,87,10
46,88,11
46,89,4
46,90,1
46,91,3
46,92,5
46,93,3
46,94,3
46,95,2
46,96,1
46,97,2
46,98,3
46,99,7
46,100,2
46,102,17
46,103,2
46,105,2
46,107,2
46,108,1
46,110,2
46,111,3
46,112,2
46,113,2
46,114,2
46,115,2
46,116,5
46,117,1
46,118,2
46,119,1
46,123,3
47,13,1
47,24,2
47,25,1
47,27,2
47,29,1
47,31,3
47,34,1
47,37,1
47,38,1
47,39,1
47,40,1
47,41,1
47,42,2
47,44,2
47,45,7
47,46,2
47,47,3
47,48,1
47,49,1
47,50,4
47,51,4
47,52,5
47,53,1
47,54,4
47,55,2
47,56,3
47,57,6
47,58,5
47,59,10
47,60,5
47,61,6
47,62,12
47,63,8
47,64,10
47,65,7
47,66,23
47,67,16
47,68,28
47,69,25
47,70,24
47,71,23
47,72,14
47,73,10
47,74,13
47,75,17
47,76,25
47,77,13
47,78,9
47,79,4
47,80,8
47,81,10
47,82,3
47,83,11
47,84,5
47,85,5
47,86,7
47,87,19
47,88,7
47,89,5
47,90,2
47,91,4
47,92,4
47,93,5
47,95,2
47,96,4
47,97,15
47,98,4
47,99,1
47,100,1
47,101,2
47,102,1
47,103,4
47,104,2
47,105,3
47,106,2
47,107,1
47,108,1
47,109,1
47,110,4
47,111,2
47,112,2
47,113,2
47,116,1
47,117,3
47,121,1
47,123,1
48,4,1
48,13,1
48,22,1
48,26,1
48,29,1
48,30,1
48,31,2
48,32,1
48,34,2
48,35,1
48,36,1
48,37,6
48,38,2
48,40,1
48,41,2
48,43,2
48,44,1
48,45,3
48,46,4
48,48,3
48,49,4
48,50,1
48,52,4
48,53,2
48,54,2
48,55,8
48,56,4
48,58,6
48,59,6
48,60,4
48,61,7
48,62,6
48,63,7
48,64,14
48,65,17
48,66,42
48,67,51
48,68,38
48,69,40
48,70,32
48,71,21
48,72,19
48,73,14
48,74,16
48,75,9
48,76,14
48,77,14
48,78,15
48,79,9
48,80,17
48,81,10
48,82,9
48,83,12
48,84,7
48,85,17
48,86,21
48,87,12
48,88,5
48,89,5
48,90,7
48,91,2
48,92,4
48,93,8
48,94,5
48,95,6
48,96,2
48,97,34
48,98,7
48,99,2
48,100,3
48,101,1
48,102,3
48,103,3
48,104,2
48,105,1
48,106,1
48,108,2
48,109,1
48,110,1
48,111,3
48,112,1
48,114,1
48,115,2
49,8,1
49,10,1
49,14,9
49,27,1
49,28,1
49,31,2
49,34,2
49,36,1
49,37,1
49,38,2
49,39,4
49,40,4
49,41,6
49,42,1
49,44,1
49,45,2
49,46,6
49,47,3
49,48,2
49,49,3
49,50,3
49,51,1
49,52,1
49,53,3
49,54,3
49,55,3
49,56,6
49,57,3
49,58,6
49,59,3
49,60,12
49,61,8
49,62,10
49,63,17
49,64,20
49,65,43
49,66,67
49,67,98
49,68,62
49,69,71
49,70,163
49,71,39
49,72,93
49,73,88
49,74,47
49,75,38
49,76,31
49,77,19
49,78,25
49,79,23
49,80,27
49,81,11
49,82,18
49,83,14
49,84,10
49,85,9
49,86,28
49,87,12
49,88,11
49,89,16
49,90,4
49,91,6
49,92,7
49,93,8
49,94,1
49,95,1
49,96,4
49,97,9
49,98,10
49,99,1
49,100,4
49,101,2
49,102,2
49,103,2
49,104,1
49,106,2
49,108,2
49,110,3
49,111,4
49,112,5
49,114,2
49,115,1
49,116,3
49,119,1
49,120,1
49,125,2
50,6,1
50,11,1
50,14,1
50,27,1
50,28,1
50,30,11
50,31,1
50,32,1
50,35,4
50,36,24
50,37,7
50,38,6
50,39,5
50,40,1
50,41,1
50,42,7
50,43,4
50,44,3
50,47,2
50,48,2
50,49,2
50,50,2
50,51,5
50,52,4
50,53,2
50,55,6
50,57,2
50,58,15
50,59,7
50,60,7
50,61,10
50,62,13
50,63,6
50,64,10
50,65,135
50,66,71
50,67,46
50,68,142
50,69,77
50,70,197
50,71,51
50,72,140
50,73,152
50,74,221
50,75,80
50,76,187
50,77,34
50,78,21
50,79,19
50,80,57
50,81,22
50,82,27
50,83,19
50,84,14
50,85,17
50,86,29
50,87,9
50,88,27
50,89,8
50,90,9
50,91,7
50,92,31
50,93,3
50,94,2
50,95,5
50,96,4
50,98,4
50,99,3
50,100,3
50,101,1
50,102,1
50,103,4
50,105,2
50,107,1
50,108,1
50,109,2
50,111,1
50,112,1
50,115,2
50,116,1
50,118,3
50,121,1
50,122,1
50,126,1
51,2,1
51,15,1
51,20,2
51,23,1
51,30,1
51,34,4
51,35,4
51,36,15
51,37,19
51,38,19
51,39,22
51,40,1
51,41,5
51,42,9
51,43,11
51,44,9
51,45,4
51,46,5
51,47,6
51,48,2
51,49,2
51,50,1
51,51,3
51,52,6
51,53,5
51,54,11
51,55,3
51,56,2
51,57,6
51,58,4
51,59,6
51,60,25
51,61,13
51,62,12
51,63,21
51,64,16
51,65,43
51,66,61
51,67,91
51,68,38
51,69,190
51,70,118
51,71,69
51,72,218
51,73,144
51,74,147
51,75,168
51,76,143
51,77,52
51,78,41
51,79,47
51,80,23
51,81,30
51,82,19
51,83,14
51,84,29
51,85,104
51,86,21
51,87,6
51,88,9
51,89,14
51,90,12
51,91,8
51,92,15
51,93,6
51,94,7
51,95,15
51,96,8
51,97,14
51,98,6
51,99,2
51,100,3
51,101,3
51,102,3
51,103,3
51,104,1
51,106,1
51,107,3
51,110,1
51,111,1
51,113,3
51,116,2
51,117,1
51,121,4
51,122,1
51,125,2
52,6,1
52,17,1
52,19,1
52,25,1
52,27,1
52,28,1
52,31,1
52,32,1
52,34,4
52,35,3
52,36,2
52,37,34
52,38,41
52,39,76
52,40,32
52,41,36
52,42,35
52,43,25
52,44,13
52,45,7
52,46,7
52,47,6
52,48,1
52,49,3
52,50,4
52,51,6
52,52,3
52,53,6
52,54,6
52,55,4
52,56,7
52,57,9
52,58,92
52,59,7
52,60,10
52,61,13
52,62,16
52,63,23
52,64,40
52,65,33
52,66,36
52,67,58
52,68,29
52,69,62
52,70,40
52,71,72
52,72,156
52,73,162
52,74,107
52,75,206
52,76,182
52,77,94
52,78,96
52,79,49
52,80,58
52,81,33
52,82,34
52,83,32
52,84,11
52,85,33
52,86,14
52,87,9
52,88,15
52,89,10
52,90,14
52,91,14
52,92,10
52,93,13
52,94,11
52,95,17
52,96,7
52,97,11
52,98,10
52,99,3
52,100,5
52,101,2
52,102,2
52,103,3
52,104,1
52,105,3
52,106,3
52,108,1
52,114,1
52,119,1
52,120,1
52,124,1
52,125,1
53,11,1
53,16,1
53,21,1
53,29,1
53,31,2
53,32,2
53,33,2
53,34,2
53,35,4
53,36,2
53,37,14
53,38,57
53,39,27
53,40,26
53,41,40
53,42,59
53,43,62
53,44,22
53,45,10
53,46,7
53,47,5
53,48,4
53,49,6
53,50,13
53,51,5
53,52,4
53,53,5
53,54,2
53,55,5
53,56,15
53,57,10
53,58,7
53,59,12
53,60,10
53,61,15
53,62,17
53,63,37
53,64,43
53,65,69
53,66,42
53,67,54
53,68,35
53,69,63
53,70,63
53,71,60
53,72,52
53,73,54
53,74,90
53,75,70
53,76,175
53,77,96
53,78,101
53,79,84
53,80,127
53,81,70
53,82,34
53,83,51
53,84,51
53,85,34
53,86,17
53,87,10
53,88,15
53,89,10
53,90,10
53,91,10
53,92,4
53,93,15
53,94,9
53,95,10
53,96,12
53,97,11
53,98,22
53,99,8
53,100,6
53,101,3
53,102,4
53,103,3
53,104,3
53,106,3
53,107,1
53,108,5
53,109,5
53,110,3
53,111,3
53,114,3
53,115,2
53,117,1
53,118,1
53,123,1
53,125,1
54,6,1
54,17,1
54,19,1
54,22,1
54,25,1
54,27,1
54,29,1
54,30,1
54,32,2
54,33,2
54,34,4
54,35,1
54,37,1
54,38,13
54,39,7
54,40,10
54,41,7
54,42,46
54,43,42
54,44,71
54,45,30
54,46,10
54,47,6
54,48,6
54,49,5
54,50,4
54,51,5
54,52,4
54,53,4
54,54,6
54,55,25
54,56,7
54,57,7
54,58,7
54,59,10
54,60,26
54,61,25
54,62,391
54,63,10295
54,64,4183
54,65,364
54,66,162
54,67,70
54,68,90
54,69,61
54,70,50
54,71,68
54,72,96
54,73,71
54,74,83
54,75,91
54,76,105
54,77,79
54,78,47
54,79,103
54,80,53
54,81,71
54,82,86
54,83,32
54,84,41
54,85,31
54,86,42
54,87,19
54,88,10
54,89,11
54,90,19
54,91,12
54,92,7
54,93,4
54,94,14
54,95,4
54,96,19
54,97,18
54,98,4
54,99,6
54,100,10
54,101,5
54,102,4
54,103,10
54,104,1
54,105,5
54,106,5
54,107,3
54,108,1
54,109,31
54,111,7
54,112,1
54,113,1
54,114,1
54,118,1
54,119,1
54,121,1
54,125,1
55,10,1
55,17,1
55,23,2
55,24,1
55,25,2
55,27,5
55,29,1
55,30,1
55,31,2
55,32,3
55,33,4
55,34,12
55,35,14
55,36,5
55,37,8
55,38,2
55,39,5
55,40,10
55,41,16
55,42,68
55,43,20
55,44,7
55,45,40
55,46,24
55,47,12
55,48,5
55,49,5
55,50,1
55,51,5
55,52,7
55,53,7
55,54,42
55,55,26
55,56,12
55,57,11
55,58,8
55,59,12
55,60,20
55,61,374
55,62,21420
55,63,22122
55,64,34570
55,65,20396
55,66,24780
55,67,322
55,68,112
55,69,84
55,70,121
55,71,119
55,72,116
55,73,112
55,74,125
55,75,107
55,76,126
55,77,97
55,78,108
55,79,113
55,80,89
55,81,53
55,82,60
55,83,55
55,84,44
55,85,42
55,86,28
55,87,15
55,88,14
55,89,37
55,90,20
55,91,24
55,92,15
55,93,8
55,94,10
55,95,26
55,96,16
55,97,21
55,98,31
55,99,16
55,100,6
55,101,4
55,102,3
55,103,8
55,104,2
55,105,1
55,106,2
55,108,1
55,110,2
55,111,2
55,112,3
55,114,1
55,117,1
55,118,1
55,119,1
55,120,2
55,122,1
55,124,1
56,10,1
56,11,1
56,12,1
56,19,1
56,23,1
56,24,1
56,25,1
56,26,1
56,27,3
56,28,2
56,30,1
56,31,1
56,32,2
56,33,2
56,34,9
56,35,10
56,36,14
56,37,5
56,38,5
56,39,5
56,40,4
56,41,29
56,42,25
56,43,158
56,44,9
56,45,22
56,46,26
56,47,37
56,48,36
56,49,6
56,50,3
56,51,9
56,52,8
56,53,77
56,54,18
56,55,42
56,56,23
56,57,13
56,58,24
56,59,17
56,60,28
56,61,659
56,62,34323
56,63,25108
56,64,45453
56,65,45761
56,66,35413
56,67,47331
56,68,12923
56,69,12013
56,70,12438
56,71,11974
56,72,19495
56,73,6949
56,74,4306
56,75,4870
56,76,293
56,77,139
56,78,109
56,79,135
56,80,88
56,81,97
56,82,55
56,83,67
56,84,102
56,85,56
56,86,60
56,87,32
56,88,25
56,89,16
56,90,17
56,91,14
56,92,10
56,93,18
56,94,13
56,95,11
56,96,12
56,97,22
56,98,8
56,99,9
56,100,8
56,101,8
56,102,1
56,103,4
56,104,2
56,105,1
56,106,1
56,107,1
56,109,2
56,110,2
56,113,1
56,114,3
56,115,1
56,116,2
56,117,2
56,118,1
56,124,1
56,125,1
57,7,1
57,18,1
57,20,1
57,22,1
57,26,2
57,31,5
57,32,3
57,33,10
57,34,13
57,35,25
57,36,10
57,37,6
57,38,5
57,39,4
57,40,12
57,41,17
57,42,26
57,43,7
57,44,13
57,45,15
57,46,6
57,47,70
57,48,108
57,49,24
57,50,21
57,51,22
57,52,2
57,53,16
57,54,18
57,55,86
57,56,103
57,57,29
57,58,24
57,59,36
57,60,65
57,61,107
57,62,6807
57,63,48606
57,64,7396
57,65,17569
57,66,37419
57,67,44241
57,68,47987
57,69,54724
57,70,61020
57,71,78066
57,72,66929
57,73,105829
57,74,41873
57,75,48695
57,76,23862
57,77,930
57,78,652
57,79,211
57,80,213
57,81,131
57,82,94
57,83,59
57,84,44
57,85,64
57,86,85
57,87,36
57,88,37
57,89,25
57,90,22
57,91,11
57,92,12
57,93,25
57,94,17
57,95,12
57,96,9
57,97,20
57,98,23
57,99,15
57,100,3
57,101,7
57,102,2
57,103,4
57,104,1
57,105,3
57,106,1
57,107,1
57,109,4
57,110,12
57,111,4
57,112,4
57,113,3
57,114,2
57,115,4
57,116,2
57,117,4
57,120,1
57,121,2
57,123,1
57,124,2
57,125,1
58,7,1
58,10,1
58,11,1
58,25,3
58,26,6
58,27,1
58,28,1
58,30,2
58,31,12
58,32,27
58,33,5
58,34,14
58,35,12
58,36,13
58,37,9
58,38,10
58,39,10
58,40,9
58,41,8
58,42,73
58,43,17
58,44,21
58,45,30
58,46,20
58,47,8
58,48,49
58,49,74
58,50,48
58,51,28
58,52,15
58,53,76
58,54,1088
58,55,3320
58,56,2163
58,57,589
58,58,300
58,59,88
58,60,32
58,61,42
58,62,80
58,63,3413
58,64,5912
58,65,8337
58,66,30848
58,67,39418
58,68,52982
58,69,80282
58,70,95565
58,71,105171
58,72,73498
58,73,65128
58,74,58890
58,75,38461
58,76,23903
58,77,19490
58,78,28517
58,79,19705
58,80,1110
58,81,162
58,82,135
58,83,116
58,84,67
58,85,68
58,86,60
58,87,59
58,88,29
58,89,48
58,90,31
58,91,65
58,92,18
58,93,19
58,94,36
58,95,24
58,96,11
58,97,18
58,98,10
58,99,10
58,100,5
58,101,6
58,103,5
58,104,3
58,105,1
58,106,1
58,109,3
58,110,4
58,111,1
58,112,2
58,113,1
58,114,3
58,116,1
58,117,1
58,118,1
58,119,1
58,120,1
58,123,2
59,11,1
59,12,1
59,15,1
59,19,1
59,21,1
59,22,1
59,24,1
59,25,2
59,26,3
59,28,2
59,30,1
59,31,9
59,32,20
59,33,24
59,34,16
59,35,11
59,36,17
59,37,12
59,38,1
59,39,19
59,40,10
59,41,7
59,42,12
59,43,24
59,44,25
59,45,35
59,46,12
59,47,2
59,48,5
59,49,16
59,50,175
59,51,121
59,52,110
59,53,81
59,54,634
59,55,1408
59,56,6642
59,57,5633
59,58,8103
59,59,2235
59,60,2156
59,61,848
59,62,808
59,63,116
59,64,694
59,65,10330
59,66,22997
59,67,60419
59,68,103021
59,69,56500
59,70,35995
59,71,52514
59,72,71924
59,73,86689
59,74,89259
59,75,38579
59,76,114701
59,77,29696
59,78,26051
59,79,31453
59,80,12332
59,81,3369
59,82,171
59,83,150
59,84,92
59,85,104
59,86,45
59,87,48
59,88,38
59,89,27
59,90,23
59,91,48
59,92,27
59,93,14
59,94,10
59,95,35
59,96,18
59,97,6
59,98,6
59,99,4
59,100,10
59,101,13
59,102,10
59,103,3
59,104,7
59,105,5
59,106,6
59,108,1
59,110,3
59,111,1
59,112,1
59,113,1
59,114,2
59,115,2
59,117,2
59,118,1
59,121,1
59,122,1
59,124,1
59,125,1
60,3,1
60,9,2
60,10,1
60,11,1
60,12,1
60,13,1
60,14,1
60,15,1
60,18,2
60,19,1
60,23,1
60,24,3
60,25,6
60,26,3
60,27,1
60,28,3
60,29,4
60,30,5
60,32,5
60,33,28
60,34,14
60,35,12
60,36,10
60,37,19
60,38,25
60,39,3
60,40,1
60,41,1
60,42,10
60,43,8
60,44,10
60,45,12
60,46,8
60,47,11
60,48,6
60,49,17
60,50,94
60,51,497
60,52,288
60,53,249
60,54,58
60,55,115
60,56,2071
60,57,5982
60,58,5155
60,59,10775
60,60,7012
60,61,3395
60,62,2077
60,63,112
60,64,1035
60,65,15024
60,66,21245
60,67,47527
60,68,67926
60,69,66293
60,70,97940
60,71,141538
60,72,98525
60,73,104981
60,74,77069
60,75,158182
60,76,174133
60,77,129942
60,78,79448
60,79,53281
60,80,28837
60,81,27601
60,82,10792
60,83,3683
60,84,292
60,85,106
60,86,83
60,87,59
60,88,50
60,89,37
60,90,25
60,91,45
60,92,44
60,93,25
60,94,50
60,95,14
60,96,9
60,97,19
60,98,8
60,99,6
60,100,20
60,101,7
60,102,6
60,103,4
60,104,4
60,105,3
60,106,2
60,107,3
60,108,3
60,109,2
60,110,1
60,111,3
60,112,1
60,113,1
60,115,1
60,117,4
60,118,1
60,120,3
60,121,1
60,124,1
60,125,1
61,9,2
61,10,2
61,20,1
61,23,1
61,24,1
61,25,2
61,26,7
61,27,9
61,28,8
61,29,1
61,30,7
61,31,7
61,32,13
61,33,10
61,34,13
61,35,17
61,36,34
61,37,28
61,38,12
61,39,10
61,40,4
61,41,7
61,42,6
61,43,15
61,44,20
61,45,25
61,46,24
61,47,10
61,48,5
61,49,25
61,50,108
61,51,187
61,52,1069
61,53,1854
61,54,368
61,55,91
61,56,60
61,57,1029
61,58,2359
61,59,3947
61,60,2279
61,61,2781
61,62,1645
61,63,52
61,64,218
61,65,631
61,66,20759
61,67,86840
61,68,85552
61,69,84695
61,70,84626
61,71,77775
61,72,115922
61,73,91500
61,74,76159
61,75,121026
61,76,78578
61,77,104012
61,78,173192
61,79,110555
61,80,55174
61,81,69028
61,82,23094
61,83,33418
61,84,24245
61,85,317
61,86,127
61,87,111
61,88,80
61,89,51
61,90,25
61,91,19
61,92,64
61,93,39
61,94,22
61,95,43
61,96,13
61,97,23
61,98,22
61,99,12
61,100,22
61,101,18
61,102,9
61,103,1
61,104,7
61,105,6
61,106,2
61,107,20
61,108,2
61,109,2
61,110,2
61,111,2
61,112,12
61,113,1
61,114,1
61,115,1
61,117,1
61,118,1
61,119,1
61,121,1
61,123,2
61,124,1
62,5,1
62,12,1
62,13,2
62,14,1
62,18,2
62,19,5
62,20,2
62,21,5
62,22,1
62,23,1
62,24,5
62,25,2
62,26,2
62,27,15
62,28,2
62,29,2
62,30,4
62,31,11
62,32,8
62,33,7
62,34,15
62,35,15
62,36,67
62,37,21
62,38,5
62,39,19
62,40,18
62,41,12
62,42,6
62,43,13
62,44,33
62,45,38
62,46,40
62,47,28
62,48,55
62,49,76
62,50,101
62,51,372
62,52,599
62,53,1033
62,54,2813
62,55,1540
62,56,786
62,57,1232
62,58,3738
62,59,1834
62,60,1339
62,61,126
62,62,94
62,63,25
62,64,97
62,65,1695
62,66,1387
62,67,29134
62,68,45804
62,69,52776
62,70,84226
62,71,44851
62,72,79876
62,73,105233
62,74,101133
62,75,92509
62,76,66961
62,77,93714
62,78,108841
62,79,150276
62,80,138941
62,81,134638
62,82,114222
62,83,79285
62,84,92269
62,85,46572
62,86,5775
62,87,672
62,88,95
62,89,83
62,90,51
62,91,38
62,92,66
62,93,20
62,94,40
62,95,17
62,96,49
62,97,18
62,98,8
62,99,17
62,100,19
62,101,14
62,102,6
62,103,3
62,104,1
62,105,5
62,106,5
62,107,3
62,108,8
62,109,3
62,110,1
62,111,2
62,112,5
62,113,1
62,116,1
62,117,1
62,119,1
62,120,4
62,122,1
62,123,1
62,124,2
63,7,1
63,15,1
63,16,1
63,17,1
63,19,1
63,20,1
63,23,1
63,24,1
63,25,2
63,26,6
63,27,4
63,28,1
63,29,4
63,30,6
63,31,30
63,32,24
63,33,9
63,34,34
63,35,14
63,36,13
63,37,26
63,38,17
63,39,33
63,40,30
63,41,30
63,42,10
63,43,59
63,44,61
63,45,169
63,46,96
63,47,42
63,48,36
63,49,31
63,50,112
63,51,127
63,52,211
63,53,411
63,54,477
63,55,1735
63,56,3223
63,57,5676
63,58,925
63,59,234
63,60,108
63,61,28
63,62,21
63,63,35
63,64,82
63,65,890
63,66,436
63,67,6221
63,68,17686
63,69,21778
63,70,15625
63,71,26875
63,72,41269
63,73,58303
63,74,118122
63,75,92250
63,76,188455
63,77,118238
63,78,105389
63,79,128476
63,80,92219
63,81,5110
63,82,27936
63,83,57870
63,84,46271
63,85,61258
63,86,80005
63,87,37488
63,88,2047
63,89,1225
63,90,62
63,91,47
63,92,44
63,93,37
63,94,29
63,95,24
63,96,32
63,97,16
63,98,10
63,99,17
63,100,17
63,101,17
63,102,5
63,103,6
63,104,1
63,105,12
63,106,5
63,107,12
63,108,3
63,109,4
63,110,1
63,112,1
63,113,1
63,114,2
63,115,1
63,116,1
63,117,2
63,120,2
63,121,1
63,122,3
63,123,1
63,124,1
64,1,1
64,5,1
64,8,1
64,11,1
64,13,1
64,17,2
64,19,1
64,21,1
64,23,1
64,24,3
64,25,1
64,26,16
64,27,10
64,28,21
64,29,7
64,30,2
64,31,17
64,32,10
64,33,11
64,34,32
64,35,45
64,36,10
64,37,188
64,38,79
64,39,364
64,40,24
64,41,79
64,42,76
64,43,134
64,44,161
64,45,305
64,46,146
64,47,68
64,48,24
64,49,15
64,50,8
64,51,11
64,52,27
64,53,201
64,54,1739
64,55,3673
64,56,999
64,57,892
64,58,937
64,59,499
64,60,90
64,61,41
64,62,23
64,63,32
64,64,37
64,65,218
64,66,230
64,67,727
64,68,309
64,69,700
64,70,5726
64,71,6988
64,72,5675
64,73,31355
64,74,56531
64,75,77077
64,76,127584
64,77,161793
64,78,133810
64,79,163072
64,80,65718
64,81,1533
64,82,497
64,83,5743
64,84,18744
64,85,46869
64,86,46332
64,87,38720
64,88,62572
64,89,19943
64,90,414
64,91,79
64,92,49
64,93,51
64,94,26
64,95,42
64,96,25
64,97,48
64,98,21
64,99,19
64,100,6
64,101,18
64,102,20
64,103,18
64,104,5
64,105,8
64,106,12
64,107,8
64,108,3
64,109,14
64,110,1
64,111,4
64,112,4
64,113,2
64,114,1
64,115,4
64,116,10
64,117,5
64,118,1
64,120,2
64,121,1
64,122,2
64,123,1
65,2,1
65,9,1
65,12,1
65,15,1
65,16,1
65,17,5
65,20,1
65,23,1
65,24,1
65,25,1
65,26,6
65,27,12
65,28,24
65,29,2
65,30,4
65,31,5
65,32,13
65,33,10
65,34,27
65,35,26
65,36,26
65,37,33
65,38,28
65,39,30
65,40,39
65,41,76
65,42,214
65,43,204
65,44,432
65,45,193
65,46,52
65,47,14
65,48,11
65,49,10
65,50,7
65,51,18
65,52,9
65,53,243
65,54,339
65,55,407
65,56,405
65,57,183
65,58,1380
65,59,871
65,60,166
65,61,30
65,62,18
65,63,59
65,64,219
65,65,281
65,66,69
65,67,80
65,68,68
65,69,95
65,70,103
65,71,150
65,72,228
65,73,288
65,74,727
65,75,12902
65,76,59915
65,77,101588
65,78,113385
65,79,158479
65,80,102601
65,81,39314
65,82,11710
65,83,518
65,84,623
65,85,11063
65,86,29694
65,87,29843
65,88,27008
65,89,26026
65,90,37661
65,91,25447
65,92,270
65,93,68
65,94,26
65,95,30
65,96,31
65,97,48
65,98,28
65,99,16
65,100,9
65,101,40
65,102,26
65,103,6
65,104,4
65,105,27
65,106,20
65,107,6
65,108,13
65,109,3
65,110,1
65,111,3
65,112,1
65,113,4
65,114,5
65,115,3
65,116,2
65,118,2
65,119,1
65,120,2
65,121,3
65,123,2
65,126,3
66,6,1
66,14,2
66,15,2
66,16,4
66,18,2
66,19,2
66,21,1
66,24,11
66,25,3
66,26,17
66,27,47
66,28,39
66,29,17
66,30,5
66,31,11
66,32,12
66,33,12
66,34,26
66,35,33
66,36,46
66,37,37
66,38,39
66,39,46
66,40,122
66,41,86
66,42,50
66,43,36
66,44,60
66,45,46
66,46,28
66,47,44
66,48,65
66,49,16
66,50,120
66,51,83
66,52,16
66,53,271
66,54,141
66,55,109
66,56,435
66,57,146
66,58,338
66,59,179
66,60,55
66,61,74
66,62,25
66,63,78
66,64,2821
66,65,1309
66,66,551
66,67,74
66,68,71
66,69,92
66,70,124
66,71,103
66,72,131
66,73,233
66,74,369
66,75,395
66,76,3306
66,77,53771
66,78,85982
66,79,86294
66,80,80285
66,81,76283
66,82,72656
66,83,42720
66,84,28846
66,85,651
66,86,241
66,87,15786
66,88,11828
66,89,6685
66,90,10837
66,91,23329
66,92,25335
66,93,4171
66,94,89
66,95,59
66,96,14
66,97,27
66,98,32
66,99,59
66,100,14
66,101,32
66,102,14
66,103,6
66,104,9
66,105,14
66,106,8
66,107,2
66,108,2
66,109,6
66,110,2
66,111,2
66,112,2
66,113,1
66,114,1
66,116,1
66,117,1
66,118,1
66,119,1
66,120,1
66,121,1
66,122,3
66,123,1
66,124,3
66,125,2
66,126,3
67,9,2
67,10,1
67,15,1
67,20,1
67,21,3
67,23,1
67,25,2
67,26,34
67,27,497
67,28,45
67,29,36
67,30,19
67,31,15
67,32,69
67,33,29
67,34,24
67,35,26
67,36,14
67,37,14
67,38,29
67,39,22
67,40,62
67,41,23
67,42,50
67,43,88
67,44,73
67,45,94
67,46,72
67,47,105
67,48,219
67,49,167
67,50,298
67,51,48
67,52,37
67,53,274
67,54,117
67,55,102
67,56,139
67,57,66
67,58,476
67,59,161
67,60,42
67,61,98
67,62,124
67,63,175
67,64,4347
67,65,6243
67,66,12059
67,67,618
67,68,171
67,69,119
67,70,297
67,71,162
67,72,100
67,73,202
67,74,438
67,75,247
67,76,375
67,77,6111
67,78,23736
67,79,69185
67,80,60683
67,81,92866
67,82,92267
67,83,77773
67,84,72838
67,85,37695
67,86,4425
67,87,381
67,88,147
67,89,8615
67,90,12207
67,91,1018
67,92,9969
67,93,11880
67,94,12356
67,95,2849
67,96,1031
67,97,24
67,98,26
67,99,28
67,100,17
67,101,8
67,102,17
67,103,10
67,104,8
67,105,9
67,106,4
67,107,8
67,108,23
67,109,3
67,110,8
67,111,5
67,112,5
67,113,3
67,114,1
67,115,2
67,116,1
67,117,1
67,119,3
67,120,1
67,121,1
67,122,2
67,123,1
67,124,3
68,3,1
68,9,1
68,10,1
68,20,1
68,21,2
68,23,1
68,24,1
68,25,3
68,26,13
68,27,22
68,28,26
68,29,9
68,30,5
68,31,5
68,32,32
68,33,13
68,34,8
68,35,25
68,36,29
68,37,14
68,38,23
68,39,28
68,40,50
68,41,15
68,42,21
68,43,52
68,44,72
68,45,24
68,46,16
68,47,15
68,48,35
68,49,29
68,50,46
68,51,47
68,52,59
68,53,91
68,54,58
68,55,140
68,56,162
68,57,120
68,58,255
68,59,243
68,60,137
68,61,87
68,62,23
68,63,789
68,64,638
68,65,2107
68,66,3005
68,67,1190
68,68,116
68,69,496
68,70,939
68,71,291
68,72,184
68,73,989
68,74,2053
68,75,593
68,76,242
68,77,415
68,78,542
68,79,14309
68,80,90529
68,81,72198
68,82,85485
68,83,81473
68,84,111994
68,85,81925
68,86,50854
68,87,27323
68,88,964
68,89,857
68,90,2404
68,91,5927
68,92,2616
68,93,1757
68,94,2390
68,95,1638
68,96,4444
68,97,461
68,98,27
68,99,10
68,100,23
68,101,5
68,102,4
68,103,4
68,104,8
68,105,8
68,106,6
68,107,4
68,108,4
68,109,4
68,110,6
68,111,4
68,112,3
68,113,4
68,114,2
68,116,2
68,118,1
68,119,2
68,120,2
68,121,1
68,122,1
68,123,1
69,8,1
69,10,1
69,11,1
69,14,1
69,17,1
69,20,1
69,22,1
69,23,2
69,24,2
69,25,1
69,26,3
69,27,2
69,28,17
69,29,13
69,30,5
69,31,7
69,32,8
69,33,3
69,34,11
69,35,1
69,36,13
69,37,4
69,38,7
69,39,19
69,40,15
69,41,22
69,42,131
69,43,31
69,44,26
69,45,20
69,46,12
69,47,20
69,48,23
69,49,15
69,50,21
69,51,33
69,52,74
69,53,31
69,54,44
69,55,130
69,56,60
69,57,61
69,58,56
69,59,85
69,60,117
69,61,65
69,62,86
69,63,324
69,64,1719
69,65,4009
69,66,550
69,67,480
69,68,1679
69,69,1663
69,70,341
69,71,3049
69,72,111
69,73,772
69,74,2687
69,75,846
69,76,1109
69,77,425
69,78,217
69,79,591
69,80,8526
69,81,35657
69,82,67320
69,83,63414
69,84,57559
69,85,57080
69,86,25910
69,87,9100
69,88,5355
69,89,5575
69,90,2070
69,91,1926
69,92,1299
69,93,1809
69,94,325
69,95,262
69,96,509
69,97,2996
69,98,2348
69,99,58
69,100,56
69,101,13
69,102,9
69,103,5
69,104,8
69,105,6
69,106,5
69,107,3
69,108,2
69,109,1
69,110,2
69,111,1
69,112,9
69,113,16
69,114,2
69,116,1
69,117,1
69,119,1
69,121,1
69,123,1
69,124,1
69,125,1
69,126,1
70,12,1
70,16,1
70,18,1
70,19,3
70,21,4
70,22,1
70,25,5
70,26,4
70,28,11
70,29,4
70,30,3
70,31,3
70,32,5
70,33,6
70,34,11
70,35,3
70,36,10
70,37,10
70,38,9
70,39,7
70,40,40
70,41,58
70,42,38
70,43,10
70,44,6
70,45,16
70,46,10
70,47,12
70,48,16
70,49,11
70,50,14
70,51,34
70,52,67
70,53,20
70,54,38
70,55,64
70,56,38
70,57,35
70,58,27
70,59,29
70,60,51
70,61,32
70,62,224
70,63,78
70,64,926
70,65,1085
70,66,289
70,67,479
70,68,310
70,69,128
70,70,51
70,71,78
70,72,111
70,73,265
70,74,1831
70,75,1615
70,76,1983
70,77,304
70,78,289
70,79,252
70,80,697
70,81,2371
70,82,27667
70,83,39243
70,84,35716
70,85,22568
70,86,7382
70,87,5699
70,88,3983
70,89,1400
70,90,2820
70,91,1184
70,92,2430
70,93,795
70,94,871
70,95,554
70,96,284
70,97,666
70,98,377
70,99,1004
70,100,1359
70,101,122
70,102,71
70,103,22
70,104,15
70,105,9
70,106,8
70,107,7
70,108,4
70,109,5
70,110,3
70,111,2
70,112,3
70,113,3
70,114,1
70,115,4
70,116,2
70,118,1
70,119,1
70,120,2
70,126,1
71,10,1
71,11,2
71,12,1
71,15,1
71,20,2
71,22,2
71,23,4
71,26,2
71,28,4
71,29,5
71,30,10
71,31,8
71,32,5
71,33,2
71,34,11
71,35,10
71,36,5
71,37,7
71,38,8
71,39,8
71,40,77
71,41,13
71,42,9
71,43,6
71,44,13
71,45,8
71,46,5
71,47,9
71,48,11
71,49,7
71,50,24
71,51,37
71,52,88
71,53,24
71,54,31
71,55,43
71,56,18
71,57,19
71,58,27
71,59,26
71,60,39
71,61,212
71,62,71
71,63,505
71,64,263
71,65,916
71,66,134
71,67,213
71,68,134
71,69,134
71,70,68
71,71,41
71,72,172
71,73,127
71,74,255
71,75,3358
71,76,5587
71,77,2452
71,78,392
71,79,338
71,80,141
71,81,221
71,82,124
71,83,1009
71,84,160
71,85,252
71,86,1807
71,87,7071
71,88,6970
71,89,2633
71,90,1956
71,91,4258
71,92,1862
71,93,1044
71,94,883
71,95,550
71,96,535
71,97,343
71,98,165
71,99,205
71,100,405
71,101,1443
71,102,3199
71,103,278
71,104,414
71,105,228
71,106,13
71,107,5
71,108,2
71,109,3
71,110,3
71,111,2
71,112,1
71,113,2
71,114,1
71,117,3
71,118,6
71,119,1
71,120,2
71,122,2
71,123,1
71,125,2
72,7,1
72,11,19
72,18,2
72,21,1
72,22,4
72,23,2
72,24,1
72,25,6
72,26,1
72,27,3
72,28,5
72,29,6
72,30,3
72,31,27
72,32,7
72,33,11
72,34,6
72,35,4
72,36,3
72,37,8
72,38,12
72,39,26
72,40,13
72,41,8
72,42,7
72,43,11
72,44,11
72,45,7
72,46,3
72,47,5
72,48,8
72,49,16
72,50,19
72,51,31
72,52,81
72,53,13
72,54,15
72,55,39
72,56,26
72,57,18
72,58,23
72,59,37
72,60,199
72,61,82
72,62,67
72,63,54
72,64,10
72,65,119
72,66,42
72,67,46
72,68,158
72,69,83
72,70,64
72,71,110
72,72,274
72,73,294
72,74,693
72,75,2005
72,76,1455
72,77,1148
72,78,3786
72,79,964
72,80,313
72,81,168
72,82,113
72,83,88
72,84,109
72,85,69
72,86,83
72,87,1245
72,88,553
72,89,6013
72,90,2810
72,91,3695
72,92,431
72,93,929
72,94,910
72,95,248
72,96,225
72,97,140
72,98,119
72,99,37
72,100,40
72,101,103
72,102,96
72,103,324
72,104,1102
72,105,407
72,106,259
72,107,17
72,108,4
72,109,6
72,110,5
72,111,2
72,112,2
72,113,3
72,114,2
72,117,1
72,119,1
72,120,1
72,122,1
72,124,1
72,126,2
73,10,1
73,14,1
73,18,1
73,19,1
73,21,2
73,25,1
73,26,2
73,27,1
73,28,25
73,29,4
73,30,5
73,31,3
73,32,12
73,33,10
73,34,4
73,35,3
73,36,11
73,37,52
73,38,38
73,39,14
73,40,5
73,41,7
73,42,11
73,43,5
73,44,10
73,45,3
73,46,7
73,47,11
73,48,16
73,49,15
73,50,286
73,51,38
73,52,70
73,53,12
73,54,11
73,55,53
73,56,16
73,57,12
73,58,17
73,59,58
73,60,124
73,61,27
73,62,82
73,63,105
73,64,17
73,65,34
73,66,37
73,67,26
73,68,41
73,69,51
73,70,45
73,71,43
73,72,275
73,73,170
73,74,1971
73,75,202
73,76,1735
73,77,923
73,78,1914
73,79,2035
73,80,3036
73,81,181
73,82,84
73,83,65
73,84,62
73,85,85
73,86,55
73,87,46
73,88,242
73,89,295
73,90,400
73,91,1049
73,92,93
73,93,457
73,94,244
73,95,54
73,96,26
73,97,25
73,98,53
73,99,27
73,100,24
73,101,43
73,102,41
73,103,55
73,104,128
73,105,143
73,106,123
73,107,92
73,108,19
73,109,61
73,110,8
73,111,3
73,112,6
73,114,4
73,116,2
73,117,2
73,118,3
73,122,1
73,123,2
73,124,1
73,125,2
73,126,1
74,7,1
74,18,1
74,19,2
74,20,2
74,21,2
74,22,1
74,23,1
74,27,3
74,28,6
74,29,1
74,30,5
74,31,3
74,32,4
74,33,3
74,34,5
74,35,2
74,36,12
74,37,35
74,38,23
74,39,11
74,40,13
74,41,21
74,42,12
74,43,11
74,44,5
74,45,41
74,46,4
74,47,7
74,48,21
74,49,5
74,50,7
74,51,8
74,52,20
74,53,25
74,54,8
74,55,16
74,56,17
74,57,21
74,58,11
74,59,65
74,60,19
74,61,31
74,62,43
74,63,35
74,64,14
74,65,21
74,66,21
74,67,18
74,68,29
74,69,41
74,70,73
74,71,141
74,72,406
74,73,168
74,74,5154
74,75,508
74,76,652
74,77,769
74,78,1113
74,79,4799
74,80,2357
74,81,2131
74,82,1219
74,83,100
74,84,102
74,85,64
74,86,72
74,87,70
74,88,30
74,89,59
74,90,107
74,91,50
74,92,330
74,93,665
74,94,214
74,95,240
74,96,70
74,97,28
74,98,77
74,99,74
74,100,98
74,101,222
74,102,45
74,103,43
74,104,23
74,105,53
74,106,34
74,107,45
74,108,82
74,109,312
74,110,6
74,111,1
74,112,6
74,114,1
74,115,3
74,116,2
74,117,1
74,118,1
74,120,1
74,121,1
74,124,1
74,125,2
75,3,1
75,16,1
75,23,1
75,24,2
75,26,3
75,27,2
75,28,4
75,29,1
75,30,4
75,31,3
75,32,2
75,33,1
75,34,4
75,35,14
75,36,6
75,37,7
75,38,5
75,39,7
75,40,24
75,41,81
75,42,29
75,43,102
75,44,256
75,45,10
75,46,6
75,47,5
75,48,13
75,49,15
75,50,5
75,51,11
75,52,8
75,53,15
75,54,21
75,55,19
75,56,7
75,57,12
75,58,58
75,59,24
75,60,8
75,61,48
75,62,7
75,63,74
75,64,33
75,65,16
75,66,24
75,67,30
75,68,18
75,69,21
75,70,47
75,71,185
75,72,155
75,73,389
75,74,8780
75,75,275
75,76,871
75,77,1261
75,78,538
75,79,2056
75,80,2260
75,81,1705
75,82,1520
75,83,529
75,84,41
75,85,36
75,86,37
75,87,44
75,88,141
75,89,161
75,90,43
75,91,78
75,92,113
75,93,79
75,94,87
75,95,120
75,96,50
75,97,209
75,98,108
75,99,109
75,100,181
75,101,136
75,102,67
75,103,43
75,104,24
75,105,31
75,106,7
75,107,29
75,108,38
75,109,237
75,110,20
75,111,2
75,112,8
75,114,2
75,116,3
75,118,8
75,119,1
75,120,1
75,122,1
75,123,9
75,124,1
75,125,1
75,126,1
76,7,1
76,9,1
76,12,2
76,16,1
76,21,1
76,22,1
76,23,1
76,24,1
76,26,1
76,28,2
76,30,5
76,31,1
76,32,1
76,33,4
76,34,4
76,35,4
76,36,6
76,37,2
76,38,10
76,39,7
76,40,11
76,41,38
76,42,14
76,43,72
76,44,81
76,45,6
76,46,8
76,47,6
76,48,30
76,49,9
76,50,10
76,51,13
76,52,39
76,53,12
76,54,37
76,55,12
76,56,8
76,57,19
76,58,22
76,59,14
76,60,20
76,61,33
76,62,36
76,63,28
76,64,17
76,65,18
76,66,11
76,67,8
76,68,16
76,69,29
76,70,157
76,71,103
76,72,117
76,73,1350
76,74,7088
76,75,441
76,76,170
76,77,498
76,78,1825
76,79,595
76,80,1169
76,81,2518
76,82,1326
76,83,160
76,84,244
76,85,38
76,86,36
76,87,34
76,88,32
76,89,66
76,90,50
76,91,59
76,92,60
76,93,24
76,94,106
76,95,73
76,96,35
76,97,81
76,98,47
76,99,104
76,100,102
76,101,60
76,102,27
76,103,65
76,104,42
76,105,31
76,106,16
76,107,10
76,108,27
76,109,60
76,110,78
76,111,9
76,112,18
76,113,28
76,114,3
76,115,3
76,117,20
76,118,3
76,121,11
76,122,1
77,1,1
77,9,1
77,14,1
77,19,2
77,20,1
77,21,3
77,24,1
77,25,1
77,26,5
77,27,3
77,28,3
77,29,1
77,30,3
77,31,2
77,32,1
77,33,2
77,35,1
77,36,5
77,37,5
77,38,4
77,39,6
77,40,5
77,41,10
77,42,10
77,43,20
77,44,5
77,45,9
77,46,9
77,47,8
77,48,10
77,49,5
77,50,1
77,51,10
77,52,3
77,53,15
77,54,20
77,55,28
77,56,17
77,57,29
77,58,14
77,59,12
77,60,14
77,61,31
77,62,44
77,63,15
77,64,10
77,65,28
77,66,16
77,67,11
77,68,29
77,69,20
77,70,104
77,71,38
77,72,48
77,73,474
77,74,1975
77,75,197
77,76,500
77,77,982
77,78,344
77,79,861
77,80,1472
77,81,604
77,82,411
77,83,611
77,84,218
77,85,64
77,86,20
77,87,41
77,88,27
77,89,47
77,90,35
77,91,62
77,92,26
77,93,21
77,94,26
77,95,45
77,96,82
77,97,26
77,98,42
77,99,40
77,100,40
77,101,39
77,102,39
77,103,67
77,104,27
77,105,21
77,106,6
77,107,11
77,108,19
77,109,2
77,110,46
77,111,22
77,112,3
77,113,8
77,114,16
77,115,15
77,116,6
77,117,4
77,120,2
77,121,1
77,125,1
78,4,1
78,7,2
78,15,1
78,17,1
78,18,1
78,20,1
78,21,1
78,22,1
78,27,4
78,28,1
78,29,2
78,30,3
78,31,36
78,32,2
78,33,4
78,35,2
78,36,2
78,37,1
78,38,2
78,39,2
78,40,2
78,41,15
78,42,31
78,43,20
78,44,11
78,45,14
78,46,4
78,47,6
78,48,6
78,49,3
78,50,3
78,51,5
78,52,2
78,53,11
78,54,21
78,55,20
78,56,22
78,57,20
78,58,11
78,59,12
78,60,15
78,61,40
78,62,23
78,63,17
78,64,9
78,65,21
78,66,9
78,67,9
78,68,21
78,69,172
78,70,49
78,71,330
78,72,82
78,73,950
78,74,724
78,75,181
78,76,925
78,77,122
78,78,127
78,79,179
78,80,138
78,81,607
78,82,329
78,83,1048
78,84,71
78,85,34
78,86,32
78,87,29
78,88,17
78,89,14
78,90,18
78,91,23
78,92,81
78,93,16
78,94,39
78,95,16
78,96,31
78,97,67
78,98,26
78,99,34
78,100,38
78,101,19
78,102,24
78,103,31
78,104,47
78,105,28
78,106,16
78,107,19
78,108,44
78,109,6
78,110,2
78,111,44
78,112,21
78,113,14
78,114,11
78,115,21
78,116,15
78,117,11
78,118,2
78,119,2
78,120,3
78,121,3
78,122,2
78,124,1
79,7,2
79,14,1
79,16,2
79,17,1
79,18,1
79,19,1
79,21,2
79,27,1
79,28,1
79,29,3
79,31,1
79,32,4
79,33,1
79,34,1
79,35,2
79,36,3
79,39,1
79,40,5
79,41,5
79,42,8
79,43,6
79,44,11
79,45,9
79,46,5
79,47,6
79,48,2
79,49,8
79,50,7
79,51,3
79,52,5
79,53,3
79,54,12
79,55,13
79,56,6
79,57,27
79,58,6
79,59,9
79,60,15
79,61,28
79,62,21
79,63,39
79,64,12
79,65,37
79,66,10
79,67,42
79,68,19
79,69,118
79,70,26
79,71,27
79,72,157
79,73,1560
79,74,1630
79,75,664
79,76,637
79,77,274
79,78,97
79,79,446
79,80,711
79,81,239
79,82,428
79,83,92
79,84,28
79,85,22
79,86,23
79,87,16
79,88,27
79,89,21
79,90,22
79,91,9
79,92,13
79,93,35
79,94,12
79,95,9
79,96,22
79,97,24
79,98,45
79,99,43
79,100,48
79,101,69
79,102,35
79,103,40
79,104,31
79,105,36
79,106,28
79,107,17
79,108,28
79,109,15
79,110,13
79,111,26
79,112,49
79,113,48
79,114,2
79,115,19
79,116,5
79,117,1
79,118,21
79,119,10
79,120,13
79,121,10
79,122,3
79,123,1
79,124,1
79,125,2
79,126,1
80,6,1
80,15,1
80,17,1
80,18,1
80,21,1
80,28,2
80,29,3
80,30,3
80,31,2
80,32,2
80,33,8
80,34,2
80,35,4
80,37,5
80,38,2
80,39,3
80,40,1
80,41,5
80,42,3
80,43,8
80,44,5
80,45,9
80,46,4
80,47,3
80,48,8
80,49,3
80,50,3
80,51,12
80,52,5
80,53,12
80,54,8
80,55,3
80,56,4
80,57,2
80,58,11
80,59,7
80,60,9
80,61,16
80,62,11
80,63,20
80,64,33
80,65,39
80,66,31
80,67,11
80,68,72
80,69,42
80,70,25
80,71,43
80,72,68
80,73,656
80,74,726
80,75,423
80,76,602
80,77,590
80,78,211
80,79,1637
80,80,1434
80,81,243
80,82,52
80,83,41
80,84,185
80,85,25
80,86,14
80,87,29
80,88,20
80,89,21
80,90,8
80,91,13
80,92,8
80,93,25
80,94,38
80,95,16
80,96,22
80,97,20
80,98,29
80,99,89
80,100,70
80,101,188
80,102,52
80,103,37
80,104,36
80,105,24
80,106,21
80,107,15
80,108,35
80,109,15
80,110,12
80,111,14
80,112,11
80,113,4
80,114,27
80,115,6
80,116,27
80,117,5
80,120,13
80,121,1
80,122,2
80,123,6
80,124,6
80,125,3
80,126,2
81,7,1
81,18,1
81,21,1
81,22,1
81,23,1
81,29,6
81,33,1
81,34,1
81,35,3
81,36,3
81,37,2
81,38,3
81,39,1
81,40,2
81,41,6
81,42,7
81,43,5
81,44,8
81,45,6
81,46,3
81,47,2
81,48,4
81,49,7
81,50,6
81,51,10
81,52,7
81,53,4
81,54,28
81,55,4
81,56,4
81,57,4
81,58,4
81,59,6
81,60,6
81,61,28
81,62,17
81,63,23
81,64,3
81,65,10
81,66,14
81,67,17
81,68,121
81,69,80
81,70,27
81,71,33
81,72,80
81,73,567
81,74,486
81,75,549
81,76,265
81,77,849
81,78,90
81,79,138
81,80,210
81,81,166
81,82,37
81,83,33
81,84,18
81,85,22
81,86,25
81,87,14
81,88,27
81,89,13
81,90,25
81,91,10
81,92,9
81,93,13
81,94,25
81,95,22
81,96,35
81,97,38
81,98,23
81,99,64
81,100,51
81,101,33
81,102,51
81,103,19
81,104,14
81,105,9
81,106,17
81,107,13
81,108,15
81,109,27
81,110,12
81,111,11
81,112,1
81,113,4
81,114,11
81,115,10
81,116,9
81,117,8
81,118,2
81,119,3
81,120,5
81,121,5
81,122,1
81,125,2
82,5,1
82,17,1
82,20,1
82,29,3
82,32,1
82,33,2
82,36,1
82,37,1
82,40,2
82,41,4
82,42,10
82,43,3
82,44,3
82,45,3
82,46,3
82,47,3
82,48,3
82,49,7
82,50,4
82,51,5
82,52,7
82,53,3
82,54,21
82,55,8
82,56,10
82,57,2
82,58,5
82,59,6
82,60,6
82,61,11
82,62,12
82,63,7
82,64,8
82,65,9
82,66,9
82,67,28
82,68,32
82,69,60
82,70,35
82,71,32
82,72,187
82,73,71
82,74,309
82,75,1450
82,76,99
82,77,451
82,78,85
82,79,79
82,80,413
82,81,175
82,82,29
82,83,29
82,84,19
82,85,14
82,86,20
82,87,16
82,88,15
82,89,16
82,90,8
82,91,11
82,92,9
82,93,10
82,94,15
82,95,29
82,96,104
82,97,178
82,98,25
82,99,23
82,100,19
82,101,10
82,102,18
82,103,11
82,104,13
82,105,14
82,106,16
82,107,11
82,108,17
82,109,5
82,110,10
82,111,58
82,112,5
82,113,2
82,114,17
82,115,17
82,116,7
82,117,10
82,118,1
82,120,1
82,121,1
82,122,1
82,124,2
82,125,1
82,126,1
83,15,1
83,21,1
83,22,2
83,27,2
83,28,2
83,29,1
83,30,1
83,33,1
83,34,1
83,35,2
83,37,1
83,38,1
83,39,3
83,40,1
83,41,5
83,42,3
83,43,2
83,44,3
83,45,2
83,46,1
83,47,2
83,48,6
83,49,9
83,50,28
83,51,1
83,52,21
83,53,3
83,54,8
83,55,17
83,56,5
83,57,6
83,58,1
83,59,5
83,60,4
83,61,5
83,62,10
83,63,3
83,64,4
83,65,12
83,66,7
83,67,14
83,68,11
83,69,50
83,70,24
83,71,36
83,72,428
83,73,63
83,74,265
83,75,422
83,76,81
83,77,870
83,78,81
83,79,73
83,80,281
83,81,445
83,82,11801
83,83,24
83,84,16
83,85,17
83,86,17
83,87,21
83,88,16
83,89,20
83,90,15
83,91,12
83,92,10
83,93,8
83,94,11
83,95,21
83,96,41
83,97,33
83,98,27
83,99,18
83,100,20
83,101,15
83,102,20
83,103,14
83,104,14
83,105,7
83,106,18
83,107,21
83,108,5
83,109,8
83,110,13
83,111,12
83,112,13
83,113,19
83,114,11
83,115,2
83,116,3
83,117,2
83,118,1
83,119,3
83,120,3
83,121,2
83,122,2
83,124,1
83,125,1
83,126,1
84,11,1
84,17,1
84,19,1
84,20,1
84,21,1
84,23,1
84,26,2
84,28,1
84,31,3
84,33,3
84,36,1
84,37,2
84,40,1
84,41,2
84,42,1
84,43,6
84,44,3
84,45,6
84,46,4
84,47,3
84,49,3
84,50,4
84,51,3
84,52,5
84,53,4
84,54,6
84,55,15
84,56,7
84,57,11
84,58,3
84,59,6
84,60,1
84,61,3
84,62,11
84,64,9
84,65,11
84,66,3
84,67,10
84,68,14
84,69,76
84,70,29
84,71,36
84,72,291
84,73,239
84,74,60
84,75,215
84,76,51
84,77,512
84,78,50
84,79,54
84,80,63
84,81,244
84,82,53
84,83,26
84,84,21
84,85,19
84,86,8
84,87,13
84,88,13
84,89,30
84,90,16
84,91,10
84,92,11
84,93,10
84,94,9
84,95,10
84,96,20
84,97,24
84,98,25
84,99,7
84,100,10
84,101,19
84,102,12
84,103,15
84,104,15
84,105,25
84,106,13
84,107,7
84,108,11
84,109,6
84,110,9
84,111,9
84,112,8
84,113,13
84,114,4
84,115,3
84,116,5
84,117,9
84,118,3
84,119,2
84,120,1
84,121,1
84,122,1
85,5,1
85,14,1
85,18,1
85,19,1
85,21,1
85,22,1
85,23,1
85,24,1
85,26,1
85,28,1
85,33,1
85,34,1
85,37,1
85,38,1
85,39,2
85,40,1
85,41,1
85,42,1
85,43,7
85,44,5
85,45,9
85,46,4
85,47,2
85,48,1
85,49,1
85,51,2
85,52,2
85,53,5
85,54,3
85,55,15
85,56,10
85,57,20
85,58,6
85,59,2
85,60,2
85,61,8
85,62,13
85,63,3
85,64,7
85,65,14
85,66,4
85,67,10
85,68,14
85,69,13
85,70,86
85,71,312
85,72,498
85,73,67
85,74,50
85,75,133
85,76,67
85,77,499
85,78,73
85,79,164
85,80,115
85,81,385
85,82,16795
85,83,81
85,84,21
85,85,23
85,86,27
85,87,6
85,88,11
85,89,13
85,90,6
85,91,5
85,92,13
85,93,8
85,94,9
85,95,13
85,96,20
85,97,34
85,98,34
85,99,14
85,100,24
85,101,39
85,102,26
85,103,16
85,104,9
85,105,6
85,106,7
85,107,3
85,109,5
85,110,16
85,111,5
85,112,6
85,113,31
85,114,4
85,115,1
85,116,3
85,117,22
85,118,4
85,121,1
85,122,2
85,124,1
86,8,1
86,10,1
86,17,1
86,23,1
86,28,1
86,30,1
86,33,1
86,37,1
86,38,1
86,39,2
86,40,5
86,41,5
86,44,1
86,45,1
86,46,5
86,47,6
86,48,3
86,49,2
86,50,3
86,51,6
86,52,3
86,53,4
86,54,18
86,55,11
86,56,5
86,57,5
86,58,8
86,59,2
86,60,6
86,61,8
86,62,18
86,63,3
86,64,14
86,65,7
86,66,11
86,67,11
86,68,16
86,69,125
86,70,139
86,71,894
86,72,43
86,73,53
86,74,43
86,75,61
86,76,98
86,77,170
86,78,103
86,79,50
86,80,39
86,81,132
86,82,94243
86,83,664
86,84,21
86,85,11
86,86,9
86,87,5
86,88,12
86,89,4
86,90,9
86,91,7
86,92,11
86,93,9
86,94,13
86,95,4
86,96,16
86,97,19
86,98,22
86,99,15
86,100,29
86,101,23
86,102,26
86,103,5
86,104,17
86,105,9
86,106,7
86,107,6
86,108,9
86,109,25
86,110,1
86,111,5
86,112,25
86,113,2
86,114,1
86,115,1
86,117,2
86,118,2
86,119,1
86,120,2
86,121,1
86,122,1
87,10,1
87,15,1
87,19,6
87,21,1
87,22,1
87,26,1
87,28,2
87,30,1
87,31,1
87,33,2
87,34,6
87,35,1
87,36,2
87,38,3
87,40,3
87,41,3
87,42,1
87,43,2
87,46,2
87,47,6
87,48,1
87,49,4
87,52,9
87,53,4
87,54,164
87,55,6
87,56,12
87,57,1
87,58,4
87,59,8
87,60,3
87,61,4
87,62,12
87,63,8
87,64,7
87,65,12
87,66,7
87,67,39
87,68,135
87,69,10
87,70,153
87,71,255
87,72,58
87,73,80
87,74,120
87,75,105
87,76,39
87,77,31
87,78,174
87,79,44
87,80,126
87,81,6560
87,82,5292
87,83,77
87,84,26
87,85,9
87,86,12
87,87,10
87,88,9
87,89,6
87,90,8
87,91,10
87,92,7
87,93,5
87,94,8
87,95,10
87,96,10
87,97,36
87,98,20
87,99,91
87,100,20
87,101,17
87,102,11
87,103,11
87,104,9
87,105,4
87,106,30
87,107,9
87,108,7
87,109,9
87,110,5
87,111,3
87,112,12
87,113,13
87,114,9
87,115,2
87,117,4
87,118,8
87,119,9
87,120,7
87,123,6
87,124,18
87,125,3
88,8,1
88,12,1
88,14,1
88,17,1
88,20,1
88,22,1
88,26,2
88,27,1
88,28,1
88,33,2
88,34,1
88,37,2
88,38,3
88,41,3
88,42,2
88,43,5
88,44,1
88,45,2
88,46,1
88,47,2
88,48,3
88,49,3
88,50,2
88,51,6
88,52,13
88,53,4
88,54,13
88,55,51
88,56,7
88,57,5
88,58,8
88,59,17
88,60,6
88,61,9
88,62,21
88,63,5
88,64,7
88,65,16
88,66,74
88,67,34
88,68,12
88,69,22
88,70,856
88,71,176
88,72,46
88,73,76
88,74,309
88,75,88
88,76,49
88,77,23
88,78,132
88,79,48
88,80,244
88,81,70448
88,82,3799
88,83,30
88,84,27
88,85,12
88,86,11
88,87,10
88,88,27
88,89,3
88,90,8
88,91,7
88,92,10
88,93,7
88,94,8
88,95,10
88,96,17
88,97,33
88,98,54
88,99,145
88,100,80
88,101,46
88,102,27
88,103,15
88,104,6
88,105,7
88,106,10
88,107,2
88,108,1
88,109,14
88,110,4
88,111,2
88,112,2
88,113,8
88,114,6
88,115,8
88,116,7
88,117,13
88,118,8
88,119,7
88,120,1
88,121,1
88,123,2
88,125,1
89,8,1
89,14,1
89,15,2
89,17,2
89,20,2
89,22,2
89,24,2
89,27,2
89,29,1
89,31,1
89,32,3
89,33,1
89,36,1
89,38,1
89,39,3
89,40,2
89,41,1
89,42,3
89,43,4
89,46,1
89,47,4
89,48,3
89,49,6
89,50,4
89,51,4
89,52,2
89,53,3
89,54,13
89,55,18
89,56,9
89,57,8
89,58,5
89,59,16
89,60,11
89,61,8
89,62,18
89,63,14
89,64,46
89,65,122
89,66,18
89,67,5
89,68,13
89,69,252
89,70,157
89,71,116
89,72,61
89,73,29
89,74,54
89,75,40
89,76,38
89,77,34
89,78,66
89,79,82
89,80,53
89,81,217
89,82,99
89,83,19
89,84,14
89,85,19
89,86,12
89,87,9
89,88,3
89,89,7
89,90,7
89,91,6
89,92,2
89,93,13
89,94,7
89,95,12
89,96,8
89,97,38
89,98,44
89,99,96
89,100,26
89,101,38
89,102,10
89,103,3
89,104,12
89,105,5
89,106,5
89,107,8
89,108,8
89,109,12
89,110,7
89,111,5
89,112,6
89,113,6
89,114,2
89,115,8
89,116,2
89,117,11
89,120,2
89,121,1
89,122,1
89,123,1
89,124,1
89,125,1
89,126,2
90,6,1
90,17,1
90,18,1
90,20,1
90,21,2
90,25,2
90,26,1
90,27,1
90,29,1
90,30,1
90,31,1
90,32,1
90,33,1
90,34,1
90,35,3
90,36,4
90,37,3
90,38,2
90,39,1
90,40,1
90,41,1
90,42,1
90,43,1
90,44,2
90,45,2
90,46,4
90,47,4
90,48,2
90,49,1
90,50,4
90,51,8
90,53,5
90,54,3
90,55,8
90,56,5
90,57,12
90,58,10
90,59,62
90,60,69
90,61,37
90,62,69
90,63,18
90,64,16
90,65,5
90,66,22
90,67,42
90,68,23
90,69,480
90,70,11
90,71,34
90,72,156
90,73,24
90,74,16
90,75,22
90,76,45
90,77,43
90,78,43
90,79,11
90,80,22
90,81,14
90,82,26
90,83,10
90,84,7
90,85,10
90,86,10
90,87,3
90,88,6
90,89,4
90,90,5
90,91,8
90,92,5
90,93,6
90,94,3
90,95,5
90,96,13
90,97,22
90,98,18
90,99,28
90,100,34
90,101,8
90,102,18
90,103,1
90,104,5
90,105,6
90,106,8
90,107,2
90,108,3
90,109,2
90,110,6
90,111,2
90,112,3
90,113,2
90,115,5
90,116,5
90,117,1
90,118,2
90,119,2
90,121,1
90,122,3
90,123,1
90,124,5
91,16,1
91,17,1
91,26,1
91,27,1
91,28,1
91,29,2
91,33,2
91,34,3
91,35,1
91,36,2
91,37,2
91,38,1
91,39,2
91,40,1
91,41,2
91,42,7
91,43,15
91,44,2
91,45,1
91,46,9
91,47,6
91,49,3
91,50,5
91,51,5
91,52,4
91,53,14
91,54,7
91,55,9
91,56,13
91,57,8
91,58,27
91,59,13
91,60,13
91,61,4
91,62,14
91,63,3
91,64,76
91,65,22
91,66,13
91,67,23
91,68,431
91,69,67
91,70,37
91,71,63
91,72,123
91,73,27
91,74,30
91,75,36
91,76,37
91,77,12
91,78,19
91,79,23
91,80,12
91,81,13
91,82,21
91,83,11
91,84,9
91,85,11
91,86,9
91,87,6
91,88,5
91,89,8
91,90,3
91,91,8
91,92,3
91,93,4
91,94,9
91,95,6
91,96,7
91,97,9
91,98,23
91,99,44
91,100,30
91,101,14
91,102,6
91,104,7
91,105,5
91,106,3
91,107,7
91,108,4
91,109,3
91,110,6
91,111,4
91,112,11
91,113,2
91,114,2
91,115,3
91,116,1
91,117,1
91,118,1
91,119,2
91,120,3
91,121,2
91,123,1
92,5,1
92,10,1
92,20,1
92,25,1
92,26,3
92,27,1
92,29,1
92,31,2
92,32,1
92,33,1
92,34,1
92,35,1
92,37,4
92,40,4
92,41,4
92,42,2
92,43,6
92,44,3
92,45,2
92,46,2
92,47,2
92,48,3
92,49,5
92,51,5
92,52,9
92,53,20
92,54,12
92,55,26
92,56,22
92,57,8
92,58,12
92,59,12
92,60,10
92,61,10
92,62,6
92,63,1
92,64,11
92,65,7
92,66,11
92,67,12375
92,68,266
92,69,21
92,70,24
92,71,64
92,72,132
92,73,143
92,74,17
92,75,5
92,76,8
92,77,24
92,78,16
92,79,19
92,80,7
92,81,14
92,82,12
92,83,8
92,84,13
92,85,16
92,86,13
92,87,4
92,88,6
92,89,2
92,90,7
92,91,5
92,92,6
92,93,3
92,94,5
92,95,9
92,96,1
92,97,7
92,98,7
92,99,10
92,100,16
92,101,54
92,102,11
92,103,7
92,104,10
92,105,26
92,106,9
92,107,4
92,109,5
92,110,20
92,111,7
92,112,3
92,114,4
92,115,2
92,118,2
92,119,2
92,120,1
92,121,1
93,11,1
93,13,1
93,15,1
93,17,1
93,20,1
93,21,1
93,23,1
93,25,1
93,26,2
93,27,1
93,28,1
93,29,1
93,31,1
93,33,1
93,35,6
93,36,7
93,37,4
93,40,3
93,41,3
93,42,2
93,43,4
93,44,2
93,45,2
93,46,4
93,47,6
93,48,5
93,49,2
93,50,9
93,51,10
93,52,18
93,53,8
93,54,7
93,55,3
93,56,11
93,57,12
93,58,30
93,59,13
93,60,11
93,61,11
93,62,2
93,63,7
93,64,10
93,65,11
93,66,36
93,67,371
93,68,38
93,69,79
93,70,84
93,71,6
93,72,4
93,73,332
93,74,33
93,75,5
93,76,13
93,77,20
93,78,18
93,79,21
93,80,12
93,81,18
93,82,6
93,83,8
93,84,15
93,85,13
93,86,12
93,87,12
93,88,5
93,89,1
93,90,5
93,91,5
93,92,11
93,93,12
93,94,3
93,95,3
93,96,5
93,97,5
93,98,25
93,99,8
93,100,3
93,101,8
93,102,18
93,103,3
93,104,3
93,105,4
93,106,3
93,107,3
93,108,1
93,109,2
93,110,5
93,111,3
93,112,3
93,113,3
93,116,1
93,117,2
93,119,11
93,120,1
93,122,1
93,123,2
93,125,1
93,126,1
94,13,1
94,14,1
94,22,1
94,24,3
94,25,1
94,28,1
94,29,2
94,31,1
94,32,1
94,33,3
94,34,1
94,35,3
94,37,1
94,38,2
94,39,1
94,40,5
94,41,4
94,42,10
94,43,6
94,44,3
94,45,6
94,46,7
94,47,6
94,48,5
94,49,5
94,50,2
94,51,6
94,52,8
94,53,2
94,54,5
94,55,12
94,56,11
94,57,20
94,58,36
94,59,20
94,60,24
94,61,15
94,62,4
94,63,24
94,64,10
94,65,6
94,66,268
94,67,101
94,68,56
94,69,17
94,70,26
94,71,24
94,72,23
94,73,41
94,74,40
94,75,21
94,76,16
94,77,24
94,78,41
94,79,41
94,80,166
94,81,60
94,82,17
94,83,9
94,84,8
94,85,9
94,86,8
94,87,9
94,88,6
94,89,6
94,90,5
94,91,2
94,92,15
94,93,6
94,94,6
94,95,6
94,96,7
94,97,4
94,98,9
94,99,6
94,100,7
94,101,13
94,102,8
94,103,9
94,104,8
94,105,1
94,106,5
94,107,5
94,108,13
94,109,4
94,110,5
94,111,9
94,112,8
94,113,5
94,114,1
94,116,1
94,117,2
94,118,1
94,119,1
94,123,1
94,124,1
94,125,3
94,126,1
95,8,1
95,21,1
95,23,1
95,28,1
95,29,1
95,30,1
95,31,1
95,32,2
95,33,1
95,34,1
95,35,1
95,36,1
95,37,1
95,38,3
95,39,3
95,40,1
95,41,4
95,42,4
95,43,1
95,44,8
95,45,5
95,46,5
95,47,4
95,48,2
95,49,3
95,50,6
95,51,16
95,52,6
95,53,3
95,54,2
95,55,45
95,56,33
95,57,24
95,58,36
95,59,57
95,60,28
95,61,25
95,62,25
95,63,50
95,64,29
95,65,489
95,66,160
95,67,8
95,68,18
95,69,54
95,70,12
95,71,8
95,72,23
95,73,20
95,74,13
95,75,22
95,76,60
95,77,51
95,78,4017
95,79,214
95,80,37
95,81,21
95,82,20
95,83,13
95,84,3
95,85,7
95,86,1
95,87,4
95,89,3
95,90,5
95,91,9
95,92,6
95,93,9
95,94,9
95,95,8
95,96,4
95,97,2
95,98,4
95,99,11
95,100,2
95,101,4
95,102,11
95,103,3
95,104,5
95,105,4
95,106,1
95,107,2
95,108,8
95,109,6
95,110,8
95,111,1
95,112,6
95,113,2
95,114,2
95,115,3
95,117,1
95,124,1
96,24,3
96,26,1
96,27,2
96,30,1
96,31,1
96,32,1
96,34,1
96,35,2
96,36,4
96,37,6
96,38,2
96,39,1
96,40,3
96,41,4
96,43,3
96,44,5
96,45,3
96,46,7
96,47,6
96,48,3
96,49,5
96,50,6
96,51,11
96,52,9
96,53,7
96,54,2
96,55,17
96,56,18
96,57,22
96,58,42
96,59,142
96,60,34
96,61,17
96,62,30
96,63,18
96,64,18
96,65,223
96,66,134
96,67,48
96,68,23
96,69,15
96,70,20
96,71,11
96,72,9
96,73,38
96,74,64
96,75,89
96,76,95
96,77,71
96,78,103
96,79,55
96,80,50
96,81,10
96,82,6
96,83,14
96,84,25
96,85,19
96,86,6
96,87,6
96,88,9
96,89,2
96,90,8
96,91,3
96,92,3
96,93,3
96,94,8
96,95,3
96,97,2
96,98,2
96,99,7
96,100,5
96,101,3
96,102,2
96,103,2
96,105,4
96,106,2
96,107,7
96,108,3
96,109,6
96,110,7
96,111,8
96,112,2
96,113,2
96,114,3
96,115,2
96,117,1
96,118,1
96,121,2
96,122,3
96,125,1
97,6,1
97,13,2
97,14,2
97,16,1
97,18,1
97,19,2
97,20,1
97,21,1
97,26,1
97,27,1
97,28,2
97,29,1
97,30,1
97,36,1
97,38,2
97,39,1
97,40,2
97,41,8
97,42,7
97,43,5
97,44,5
97,45,7
97,46,3
97,47,5
97,48,6
97,49,5
97,50,5
97,51,19
97,52,7
97,53,4
97,54,29
97,55,6
97,56,9
97,57,14
97,58,22
97,59,32
97,60,24
97,61,29
97,62,31
97,63,27
97,64,180
97,65,45
97,66,55
97,67,16
97,68,16
97,69,17
97,70,42
97,71,14
97,72,5
97,73,14
97,74,8
97,75,12
97,76,36
97,77,252
97,78,80
97,79,21
97,80,65
97,81,7
97,82,7
97,83,7
97,84,8
97,85,7
97,86,10
97,87,8
97,88,7
97,89,3
97,90,2
97,91,5
97,92,11
97,93,3
97,94,5
97,95,2
97,96,3
97,97,5
97,98,2
97,99,2
97,100,8
97,101,5
97,102,7
97,103,1
97,104,4
97,105,1
97,106,1
97,107,2
97,109,3
97,110,4
97,111,3
97,112,1
97,113,1
97,115,3
97,119,2
97,120,4
97,122,1
97,123,1
97,124,1
97,125,3
98,4,1
98,6,1
98,11,1
98,15,1
98,16,1
98,22,1
98,23,2
98,25,2
98,28,1
98,29,1
98,31,2
98,32,1
98,34,1
98,35,2
98,36,1
98,38,5
98,39,3
98,40,8
98,41,6
98,42,9
98,43,6
98,44,7
98,45,4
98,46,3
98,47,6
98,48,5
98,49,10
98,50,10
98,51,16
98,52,11
98,53,13
98,54,12
98,55,11
98,56,8
98,57,6
98,58,20
98,59,22
98,60,39
98,61,105
98,62,279
98,63,235
98,64,74
98,65,33
98,66,92
98,67,27
98,68,8
98,69,15
98,70,38
98,71,10
98,72,29
98,73,3
98,74,4
98,75,22
98,76,24
98,77,36
98,78,18
98,79,30
98,80,33
98,81,6
98,82,5
98,83,8
98,84,6
98,85,6
98,86,4
98,87,2
98,88,5
98,89,1
98,91,1
98,93,1
98,94,1
98,95,10
98,96,9
98,98,5
98,99,2
98,100,6
98,105,8
98,107,1
98,109,2
98,110,8
98,111,6
98,112,9
98,113,2
98,114,1
98,115,3
98,116,1
98,117,1
98,118,1
98,119,2
98,121,1
98,122,1
98,125,1
99,11,1
99,15,2
99,17,1
99,20,1
99,21,1
99,23,2
99,24,2
99,27,1
99,33,2
99,34,1
99,35,1
99,37,1
99,38,3
99,39,2
99,40,6
99,41,2
99,42,6
99,43,5
99,44,13
99,45,8
99,46,5
99,47,9
99,48,23
99,49,8
99,50,9
99,51,13
99,52,24
99,53,18
99,54,11
99,55,5
99,56,14
99,57,14
99,58,15
99,59,203
99,60,299
99,61,92
99,62,56
99,63,51
99,64,28
99,65,36
99,66,19
99,67,39
99,68,29
99,69,19
99,70,19
99,71,10
99,72,16
99,73,8
99,74,15
99,75,60
99,76,18
99,77,14
99,78,15
99,79,22
99,80,30
99,81,6
99,82,10
99,83,3
99,84,7
99,85,11
99,86,5
99,87,5
99,89,5
99,91,1
99,92,3
99,93,1
99,94,3
99,95,2
99,96,3
99,97,3
99,98,2
99,100,7
99,101,1
99,104,1
99,106,1
99,107,1
99,108,3
99,109,4
99,110,6
99,111,1
99,112,5
99,113,4
99,116,1
99,117,1
99,118,1
99,119,1
99,120,2
99,121,1
100,17,1
100,21,1
100,24,1
100,25,1
100,26,1
100,27,2
100,30,1
100,31,1
100,32,2
100,34,2
100,35,4
100,38,4
100,39,2
100,40,5
100,41,7
100,42,5
100,43,11
100,44,9
100,45,12
100,46,6
100,47,137
100,48,325
100,49,310
100,50,109
100,51,38
100,52,23
100,53,17
100,54,28
100,55,13
100,56,97
100,57,250
100,58,201
100,59,45
100,60,14
100,61,43
100,62,440
100,63,197
100,64,54
100,65,56
100,66,50
100,67,34
100,68,10
100,69,4
100,70,12
100,71,6
100,72,15
100,73,8
100,74,4
100,75,12
100,76,8
100,77,14
100,78,7
100,79,16
100,80,11
100,81,3
100,82,9
100,83,3
100,84,4
100,85,6
100,86,2
100,87,7
100,90,5
100,91,1
100,92,3
100,93,2
100,94,1
100,95,5
100,97,1
100,98,2
100,99,4
100,100,2
100,101,3
100,102,5
100,103,1
100,104,12
100,105,1
100,106,1
100,108,3
100,109,2
100,110,2
100,111,3
100,112,2
100,113,1
100,116,4
100,117,1
100,118,1
100,119,1
100,120,3
100,122,2
100,123,1
100,125,2
100,126,1
101,14,2
101,15,1
101,16,1
101,21,1
101,23,1
101,24,1
101,25,1
101,26,1
101,28,1
101,31,3
101,32,2
101,33,2
101,34,10
101,35,3
101,36,1
101,37,1
101,38,2
101,39,3
101,40,9
101,41,9
101,42,14
101,43,12
101,44,19
101,45,22
101,46,435
101,47,294
101,48,26
101,49,26
101,50,217
101,51,350
101,52,285
101,53,164
101,54,380
101,55,281
101,56,211
101,57,16
101,58,16
101,59,9
101,60,18
101,61,70
101,62,30
101,63,42
101,64,41
101,65,130
101,66,47
101,67,21
101,68,11
101,69,11
101,70,12
101,71,6
101,72,10
101,73,16
101,74,7
101,75,6
101,76,5
101,77,8
101,78,5
101,79,17
101,80,5
101,81,5
101,82,8
101,83,6
101,84,3
101,85,5
101,86,4
101,87,3
101,88,2
101,89,1
101,90,2
101,92,3
101,93,3
101,96,3
101,97,1
101,98,2
101,101,3
101,107,1
101,108,5
101,109,3
101,110,2
101,111,4
101,113,2
101,114,1
101,117,1
101,119,1
101,120,1
101,122,1
101,123,2
101,124,2
101,125,2
102,4,2
102,9,1
102,11,2
102,21,1
102,28,1
102,29,2
102,30,3
102,31,3
102,33,2
102,34,2
102,35,1
102,36,3
102,37,4
102,38,3
102,39,4
102,40,4
102,41,8
102,42,6
102,43,15
102,44,22
102,45,510
102,46,196
102,47,20
102,48,40
102,49,41
102,50,40
102,51,50
102,52,139
102,53,101
102,54,65
102,55,24
102,56,7
102,57,7
102,58,4
102,59,14
102,60,7
102,61,4
102,62,7
102,63,8
102,64,155
102,65,178
102,66,198
102,67,10
102,68,14
102,69,1
102,70,10
102,71,2
102,72,5
102,73,4
102,74,2
102,75,4
102,76,2
102,77,2
102,78,2
102,79,7
102,80,7
102,81,7
102,82,1
102,83,4
102,84,3
102,85,5
102,86,3
102,87,2
102,88,6
102,89,2
102,91,2
102,92,2
102,93,1
102,94,1
102,97,1
102,99,2
102,101,3
102,102,2
102,105,3
102,107,2
102,109,3
102,110,9
102,111,1
102,113,1
102,114,1
102,118,3
102,123,1
102,124,1
102,126,1
103,9,1
103,14,1
103,16,1
103,18,1
103,20,1
103,23,2
103,24,1
103,25,2
103,28,1
103,29,2
103,31,1
103,32,1
103,33,3
103,34,2
103,36,1
103,37,1
103,39,4
103,40,5
103,41,10
103,42,11
103,43,22
103,44,55
103,45,1086
103,46,149
103,47,40
103,48,260
103,49,3855
103,50,90
103,51,71
103,52,68
103,53,12
103,54,12
103,55,4
103,56,5
103,57,11
103,58,4
103,59,4
103,60,5
103,61,4
103,62,6
103,63,9
103,64,329
103,65,164
103,66,74
103,67,28
103,68,9
103,69,6
103,70,7
103,71,11
103,72,26
103,73,7
103,74,4
103,75,2
103,76,7
103,77,6
103,78,7
103,79,4
103,80,8
103,81,35
103,82,3
103,83,2
103,84,3
103,85,2
103,86,3
103,87,2
103,88,6
103,89,1
103,90,2
103,91,2
103,92,2
103,93,1
103,94,3
103,96,1
103,98,3
103,99,4
103,101,2
103,105,1
103,106,9
103,110,5
103,111,2
103,112,1
103,113,2
103,114,3
103,115,1
103,119,2
103,121,1
103,122,1
103,123,1
103,125,1
104,15,1
104,19,1
104,20,1
104,22,2
104,23,1
104,24,1
104,26,1
104,30,1
104,32,2
104,33,2
104,34,2
104,35,2
104,36,1
104,38,3
104,39,22
104,40,6
104,41,7
104,42,14
104,43,134
104,44,9168
104,45,14820
104,46,23887
104,47,281
104,48,463
104,49,61
104,50,291
104,51,176
104,52,51
104,53,14
104,54,9
104,55,3
104,56,13
104,57,5
104,58,6
104,59,3
104,60,7
104,61,3
104,62,30
104,63,14
104,64,21
104,65,50
104,66,46
104,67,19
104,68,11
104,69,14
104,70,3
104,71,3
104,72,7
104,73,10
104,74,8
104,75,7
104,76,4
104,78,7
104,79,8
104,80,8
104,81,4
104,82,5
104,83,2
104,84,2
104,85,3
104,86,2
104,88,12
104,89,2
104,90,3
104,91,6
104,93,3
104,94,3
104,95,3
104,97,1
104,98,2
104,99,2
104,100,1
104,101,1
104,106,2
104,107,1
104,111,2
104,112,3
104,113,4
104,114,1
104,116,1
104,119,2
104,120,1
104,121,1
104,122,1
104,123,1
104,125,1
104,126,2
105,12,1
105,13,2
105,16,1
105,18,1
105,22,1
105,26,2
105,28,5
105,30,2
105,31,2
105,32,1
105,33,1
105,34,1
105,36,3
105,37,3
105,38,3
105,39,6
105,40,11
105,41,2
105,42,16
105,43,281
105,44,14497
105,45,3002
105,46,19360
105,47,760
105,48,158
105,49,26
105,50,15
105,51,41
105,52,25
105,53,10
105,54,4
105,55,12
105,56,6
105,57,12
105,58,12
105,59,3
105,60,6
105,61,3
105,62,3
105,63,6
105,64,10
105,65,29
105,66,17
105,67,10
105,68,6
105,69,12
105,70,8
105,71,13
105,72,6
105,73,22
105,74,9
105,75,7
105,76,5
105,77,6
105,78,11
105,79,4
105,80,4
105,81,2
105,83,2
105,84,2
105,86,3
105,87,4
105,88,1
105,89,1
105,90,3
105,91,1
105,92,2
105,93,7
105,94,1
105,96,1
105,97,1
105,98,1
105,99,1
105,101,2
105,102,2
105,103,2
105,104,1
105,105,1
105,106,2
105,107,1
105,116,2
105,118,3
105,119,1
105,121,11
105,122,11
105,123,2
105,124,1
105,125,2
106,16,1
106,17,1
106,18,12
106,25,2
106,26,3
106,28,1
106,29,2
106,31,1
106,34,2
106,35,2
106,36,1
106,37,4
106,38,2
106,39,5
106,40,6
106,41,3
106,42,12
106,43,20
106,44,57
106,45,25203
106,46,3829
106,47,79
106,48,32
106,49,16
106,50,16
106,51,18
106,52,29
106,53,7
106,54,4
106,55,8
106,56,17
106,57,5
106,58,9
106,59,6
106,60,5
106,61,7
106,62,9
106,63,4
106,64,10
106,65,13
106,66,8
106,67,8
106,68,10
106,69,10
106,70,3
106,71,5
106,72,4
106,73,10
106,74,9
106,75,8
106,76,9
106,77,4
106,78,4
106,79,4
106,80,9
106,81,12
106,82,1
106,83,1
106,84,3
106,85,1
106,86,3
106,87,3
106,88,1
106,89,1
106,90,1
106,91,2
106,93,1
106,94,3
106,95,1
106,97,1
106,98,1
106,99,1
106,100,2
106,102,1
106,103,1
106,104,2
106,105,2
106,106,1
106,109,1
106,112,2
106,114,1
106,115,1
106,117,2
106,119,3
106,120,5
106,121,3
106,122,6
106,123,3
106,124,3
106,125,2
107,5,1
107,14,2
107,22,1
107,25,1
107,26,1
107,30,1
107,31,4
107,32,4
107,34,1
107,37,3
107,38,2
107,39,6
107,40,6
107,41,5
107,42,11
107,43,16
107,44,36
107,45,23497
107,46,3487
107,47,39
107,48,40
107,49,12
107,50,14
107,51,11
107,52,21
107,53,11
107,54,6
107,55,8
107,56,6
107,57,3
107,58,6
107,59,2
107,60,2
107,61,1
107,62,3
107,63,4
107,64,6
107,65,13
107,66,8
107,67,6
107,68,6
107,69,5
107,70,6
107,71,6
107,72,4
107,73,5
107,74,24
107,75,4
107,76,5
107,77,1
107,78,8
107,79,3
107,80,3
107,81,2
107,82,3
107,83,5
107,84,3
107,85,2
107,87,1
107,88,4
107,89,2
107,91,1
107,92,5
107,93,2
107,94,2
107,96,1
107,97,4
107,98,7
107,99,1
107,100,1
107,101,1
107,102,1
107,104,7
107,106,2
107,109,1
107,111,1
107,115,1
107,116,1
107,118,1
107,120,2
107,121,1
107,122,5
107,123,2
107,126,1
108,3,1
108,23,1
108,24,2
108,30,1
108,31,1
108,34,9
108,35,1
108,36,1
108,38,16
108,39,3
108,40,5
108,42,9
108,43,9
108,44,28
108,45,43
108,46,61
108,47,21
108,48,11
108,49,14
108,50,8
108,51,5
108,52,47
108,53,8
108,54,4
108,55,6
108,56,7
108,57,3
108,58,2
108,59,5
108,60,4
108,61,3
108,62,6
108,63,2
108,64,2
108,65,6
108,66,6
108,68,6
108,69,2
108,70,7
108,71,6
108,72,4
108,73,3
108,74,4
108,77,1
108,78,13
108,79,21
108,80,3
108,81,2
108,83,1
108,84,1
108,85,2
108,87,1
108,88,2
108,89,1
108,90,1
108,91,1
108,92,1
108,93,1
108,94,1
108,95,2
108,97,4
108,98,8
108,99,1
108,100,2
108,102,3
108,103,3
108,111,1
108,114,1
108,124,2
108,125,2
108,126,1
109,10,1
109,12,1
109,18,2
109,20,1
109,22,2
109,28,1
109,29,2
109,30,1
109,31,3
109,32,1
109,33,1
109,34,1
109,36,3
109,37,5
109,38,1
109,39,1
109,41,3
109,42,9
109,43,11
109,44,5
109,45,12
109,46,18
109,47,17
109,48,27
109,49,11
109,50,7
109,51,12
109,52,11
109,53,7
109,54,1
109,55,4
109,56,6
109,57,3
109,58,3
109,59,6
109,60,8
109,61,6
109,62,1
109,63,3
109,64,2
109,65,2
109,66,6
109,67,3
109,68,4
109,69,3
109,70,8
109,71,4
109,72,3
109,73,1
109,74,1
109,75,3
109,76,3
109,77,5
109,78,10
109,79,3
109,80,2
109,82,3
109,83,3
109,85,1
109,86,3
109,91,2
109,92,1
109,93,1
109,94,2
109,95,2
109,96,5
109,97,6
109,98,2
109,99,1
109,104,3
109,107,1
109,108,1
109,111,1
109,114,1
109,115,1
109,118,1
109,125,3
110,19,1
110,24,1
110,28,1
110,29,1
110,30,1
110,31,2
110,32,2
110,34,2
110,35,2
110,37,1
110,38,2
110,39,3
110,40,5
110,41,3
110,42,6
110,43,7
110,44,9
110,45,5
110,46,10
110,47,16
110,48,9
110,49,5
110,50,5
110,51,14
110,52,4
110,53,2
110,55,3
110,56,3
110,57,5
110,58,2
110,59,9
110,60,9
110,61,5
110,62,7
110,63,4
110,64,1
110,65,7
110,66,2
110,67,5
110,68,3
110,69,9
110,70,4
110,71,2
110,72,4
110,73,7
110,74,1
110,75,2
110,76,1
110,77,2
110,78,3
110,79,3
110,80,4
110,81,3
110,84,3
110,86,1
110,87,1
110,91,22
110,92,3
110,93,2
110,94,2
110,95,1
110,96,1
110,97,1
110,98,2
110,99,3
110,103,1
110,107,1
110,108,2
110,114,2
110,116,2
110,117,1
110,118,2
110,125,2
110,126,1
111,11,1
111,20,1
111,21,2
111,26,1
111,27,1
111,28,1
111,31,2
111,32,1
111,33,4
111,34,3
111,35,2
111,36,1
111,37,3
111,38,4
111,39,6
111,40,3
111,41,2
111,42,4
111,43,6
111,44,2
111,45,4
111,46,7
111,47,13
111,48,8
111,49,5
111,50,4
111,51,9
111,52,8
111,53,3
111,54,2
111,55,6
111,57,4
111,58,5
111,59,2
111,60,5
111,61,3
111,63,3
111,64,7
111,65,3
111,66,9
111,67,38
111,68,5
111,69,6
111,70,2
111,71,1
111,72,2
111,73,5
111,74,5
111,75,6
111,76,4
111,77,4
111,78,2
111,79,6
111,80,2
111,82,2
111,83,2
111,84,3
111,85,1
111,87,1
111,88,2
111,90,1
111,91,8
111,92,1
111,93,2
111,95,3
111,96,1
111,97,1
111,98,2
111,99,5
111,100,1
111,103,1
111,105,1
111,106,1
111,107,3
111,108,3
111,110,1
111,112,1
111,122,1
112,19,1
112,21,1
112,22,1
112,23,1
112,24,1
112,28,1
112,30,1
112,31,6
112,32,1
112,34,3
112,37,4
112,38,4
112,39,2
112,40,2
112,41,1
112,42,4
112,43,4
112,44,2
112,45,2
112,46,8
112,47,5
112,48,7
112,49,5
112,50,4
112,51,3
112,52,1
112,53,3
112,54,6
112,55,3
112,56,3
112,57,3
112,58,3
112,60,2
112,61,5
112,62,1
112,63,3
112,64,4
112,65,3
112,66,5
112,67,26
112,68,18
112,69,8
112,70,4
112,71,3
112,72,2
112,73,6
112,74,4
112,75,3
112,76,3
112,77,1
112,78,2
112,79,3
112,81,2
112,83,2
112,85,2
112,90,1
112,93,4
112,94,1
112,97,2
112,98,2
112,99,2
112,100,1
112,101,1
112,102,1
112,103,1
112,104,4
112,105,1
112,106,1
112,109,1
112,110,2
112,113,1
112,115,3
112,119,1
112,126,1
113,1,1
113,10,1
113,11,1
113,12,1
113,27,1
113,29,1
113,33,1
113,34,2
113,36,2
113,37,1
113,38,2
113,39,2
113,40,2
113,41,1
113,42,1
113,43,1
113,44,2
113,45,1
113,46,1
113,47,4
113,48,2
113,49,7
113,50,3
113,51,5
113,52,7
113,53,6
113,54,7
113,55,3
113,56,1
113,57,6
113,58,5
113,59,3
113,60,5
113,61,4
113,62,9
113,63,2
113,64,5
113,65,2
113,66,15
113,67,6
113,68,10
113,69,13
113,70,4
113,71,3
113,72,3
113,73,2
113,74,3
113,75,9
113,76,14
113,77,3
113,78,2
113,79,1
113,80,4
113,83,1
113,85,1
113,87,1
113,89,7
113,90,2
113,91,1
113,92,2
113,93,1
113,95,1
113,96,2
113,97,3
113,98,1
113,100,1
113,103,1
113,104,1
113,105,1
113,106,3
113,110,5
113,113,2
113,114,1
113,122,1
114,6,1
114,11,2
114,13,1
114,15,1
114,20,1
114,23,1
114,28,1
114,29,1
114,31,1
114,34,1
114,35,1
114,36,1
114,37,1
114,38,1
114,39,4
114,40,2
114,41,1
114,42,2
114,43,2
114,44,3
114,45,2
114,46,1
114,47,5
114,48,7
114,49,6
114,50,1
114,51,9
114,52,1
114,53,12
114,54,6
114,55,3
114,56,1
114,57,4
114,58,1
114,59,2
114,60,6
114,61,1
114,62,3
114,63,3
114,64,3
114,65,4
114,66,8
114,67,3
114,68,11
114,69,8
114,70,21
114,71,10
114,72,2
114,73,2
114,74,2
114,75,2
114,76,4
114,77,3
114,78,2
114,79,1
114,80,4
114,81,2
114,83,1
114,85,2
114,87,1
114,89,1
114,90,1
114,91,1
114,92,1
114,95,1
114,96,1
114,97,10
114,98,3
114,100,1
114,102,1
114,104,2
114,106,1
114,109,3
114,110,1
114,116,1
114,123,3
115,11,1
115,16,1
115,20,1
115,25,1
115,26,2
115,28,1
115,29,4
115,30,1
115,36,2
115,37,2
115,38,3
115,40,7
115,41,5
115,42,5
115,43,5
115,44,1
115,45,1
115,46,1
115,47,7
115,48,3
115,49,3
115,50,4
115,51,5
115,52,8
115,53,2
115,54,4
115,55,1
115,56,2
115,57,13
115,58,3
115,59,5
115,60,4
115,61,2
115,62,8
115,64,7
115,65,2
115,66,2
115,67,2
115,68,3
115,69,13
115,70,8
115,71,8
115,72,5
115,73,2
115,75,2
115,76,1
115,77,1
115,78,2
115,79,1
115,81,1
115,83,1
115,85,3
115,87,1
115,88,4
115,91,1
115,95,1
115,99,2
115,104,1
115,110,1
115,111,1
115,113,1
115,114,2
115,115,2
115,116,1
115,118,1
116,3,4
116,12,1
116,25,1
116,27,2
116,30,1
116,33,1
116,35,1
116,36,1
116,37,4
116,39,4
116,40,2
116,42,4
116,43,1
116,44,6
116,45,7
116,46,2
116,47,4
116,48,2
116,49,4
116,50,4
116,51,9
116,52,3
116,53,5
116,54,14
116,55,2
116,56,3
116,57,2
116,58,2
116,59,3
116,60,6
116,61,4
116,62,6
116,63,2
116,65,5
116,66,5
116,67,3
116,68,3
116,69,17
116,70,14
116,71,13
116,72,3
116,73,25
116,74,6
116,75,1
116,77,2
116,78,2
116,79,1
116,80,1
116,81,6
116,82,1
116,83,4
116,84,2
116,85,1
116,86,1
116,89,4
116,91,1
116,95,1
116,98,1
116,102,1
116,105,1
116,107,1
116,108,3
116,109,4
116,110,1
116,112,3
116,113,2
116,117,1
116,120,2
117,8,1
117,11,1
117,23,1
117,35,2
117,36,4
117,37,1
117,39,2
117,40,4
117,41,1
117,42,2
117,43,1
117,44,1
117,47,5
117,48,3
117,49,3
117,50,6
117,51,6
117,52,3
117,53,5
117,54,5
117,55,5
117,56,4
117,57,1
117,58,2
117,59,3
117,60,3
117,61,6
117,62,2
117,63,3
117,64,3
117,65,9
117,66,1
117,67,3
117,68,6
117,69,11
117,70,2
117,71,4
117,72,3
117,73,21
117,75,5
117,77,1
117,78,4
117,79,3
117,80,8
117,83,3
117,84,5
117,85,2
117,86,14
117,87,4
117,89,2
117,90,1
117,95,1
117,101,1
117,104,1
117,105,1
117,107,1
117,108,1
117,109,6
117,111,4
117,112,3
117,113,4
117,114,1
117,117,1
117,118,2
117,119,1
117,120,4
118,8,1
118,10,1
118,15,2
118,22,1
118,30,1
118,34,1
118,36,3
118,37,2
118,38,3
118,39,3
118,40,3
118,41,1
118,42,2
118,43,1
118,44,2
118,45,3
118,46,2
118,47,2
118,48,17
118,49,2
118,50,2
118,51,7
118,52,4
118,53,2
118,54,2
118,55,2
118,56,3
118,57,4
118,58,15
118,59,7
118,60,17
118,61,8
118,62,2
118,63,2
118,64,10
118,65,2
118,67,2
118,68,9
118,69,11
118,70,5
118,71,13
118,72,6
118,73,16
118,74,1
118,75,1
118,76,1
118,77,1
118,78,6
118,79,2
118,80,2
118,81,2
118,82,1
118,83,2
118,84,9
118,85,3
118,86,12
118,87,3
118,90,1
118,96,2
118,97,3
118,98,1
118,99,1
118,101,1
118,102,1
118,107,1
118,109,1
118,110,1
118,111,1
118,112,1
118,114,1
118,115,1
118,117,1
118,119,3
118,120,1
118,121,3
118,122,1
119,11,1
119,19,1
119,20,1
119,24,1
119,28,1
119,30,1
119,31,1
119,32,1
119,35,1
119,36,1
119,37,3
119,38,3
119,42,5
119,43,3
119,44,2
119,45,1
119,46,2
119,47,1
119,48,6
119,49,1
119,50,3
119,51,14
119,52,1
119,53,1
119,54,2
119,56,5
119,57,2
119,58,18
119,59,7
119,60,5
119,61,3
119,62,4
119,63,4
119,64,6
119,68,3
119,69,3
119,70,2
119,71,9
119,72,2
119,73,5
119,74,4
119,76,2
119,78,2
119,79,6
119,80,1
119,83,2
119,84,7
119,85,1
119,86,4
119,90,1
119,91,1
119,96,7
119,97,3
119,100,1
119,101,4
119,102,4
119,103,4
119,104,1
119,105,1
119,108,1
119,109,1
119,110,1
119,111,2
119,117,3
119,118,2
119,119,1
119,121,1
120,16,2
120,17,1
120,24,1
120,25,1
120,35,2
120,38,1
120,39,1
120,40,1
120,42,1
120,43,4
120,44,4
120,45,5
120,46,4
120,47,1
120,48,1
120,49,1
120,51,4
120,53,3
120,54,2
120,55,2
120,56,3
120,57,3
120,58,7
120,59,3
120,60,6
120,61,5
120,62,2
120,63,6
120,64,2
120,66,1
120,67,3
120,68,3
120,69,2
120,70,2
120,71,6
120,72,11
120,73,3
120,74,12
120,75,1
120,76,1
120,77,1
120,78,2
120,79,1
120,80,2
120,81,1
120,82,1
120,83,1
120,84,5
120,85,8
120,86,7
120,87,1
120,91,1
120,92,1
120,95,2
120,96,1
120,99,1
120,100,1
120,101,1
120,102,1
120,103,1
120,104,2
120,109,2
120,114,3
120,115,4
120,117,1
120,118,1
121,25,1
121,27,1
121,42,2
121,45,2
121,46,3
121,47,4
121,49,1
121,50,1
121,51,1
121,52,6
121,53,2
121,54,2
121,55,2
121,56,1
121,57,4
121,58,1
121,59,3
121,60,2
121,62,1
121,63,3
121,65,1
121,66,3
121,67,1
121,68,1
121,69,8
121,70,4
121,71,2
121,72,9
121,73,3
121,74,2
121,75,7
121,76,2
121,80,1
121,81,4
121,82,2
121,83,1
121,84,2
121,85,4
121,86,2
121,87,2
121,92,2
121,93,1
121,98,1
121,101,2
121,102,3
121,104,1
121,105,3
121,109,3
121,110,1
121,115,2
121,120,1
121,125,1
122,5,1
122,17,2
122,19,3
122,28,1
122,29,1
122,30,2
122,31,1
122,40,4
122,44,1
122,46,2
122,49,2
122,50,3
122,51,1
122,53,2
122,55,1
122,56,4
122,57,3
122,58,4
122,59,2
122,60,1
122,61,1
122,63,5
122,64,2
122,65,6
122,66,2
122,68,3
122,69,3
122,70,1
122,71,3
122,72,4
122,73,1
122,74,6
122,75,3
122,76,2
122,77,2
122,78,2
122,79,2
122,80,2
122,81,1
122,82,2
122,83,1
122,84,2
122,85,5
122,86,1
122,88,1
122,89,1
122,93,1
122,94,2
122,96,1
122,98,4
122,99,2
122,101,1
122,102,2
122,111,1
122,112,2
122,113,2
122,115,3
122,116,1
122,117,1
122,120,2
122,121,1
123,5,1
123,16,1
123,20,1
123,23,1
123,24,1
123,27,1
123,28,1
123,30,1
123,32,1
123,38,1
123,39,1
123,40,1
123,41,1
123,42,1
123,44,2
123,47,2
123,48,1
123,49,3
123,50,9
123,51,3
123,54,1
123,55,1
123,56,7
123,57,6
123,58,5
123,59,1
123,61,1
123,62,2
123,65,1
123,68,1
123,70,3
123,71,3
123,72,8
123,73,4
123,74,2
123,78,3
123,80,1
123,82,9
123,83,6
123,84,3
123,85,1
123,87,2
123,88,2
123,90,1
123,92,1
123,98,1
123,100,1
123,101,2
123,102,1
123,103,1
123,104,3
123,106,1
123,107,1
123,112,3
123,115,3
123,117,2
123,118,2
123,122,1
123,123,1
124,22,1
124,30,1
124,35,2
124,37,1
124,42,3
124,44,4
124,45,3
124,46,1
124,47,3
124,48,1
124,49,1
124,50,3
124,51,2
124,53,1
124,54,1
124,55,3
124,56,1
124,57,1
124,58,1
124,60,2
124,62,1
124,65,3
124,66,1
124,68,1
124,70,3
124,71,7
124,72,2
124,75,4
124,76,1
124,77,2
124,79,1
124,81,1
124,82,1
124,83,10
124,84,5
124,85,1
124,87,3
124,88,2
124,89,4
124,90,1
124,92,1
124,95,2
124,96,1
124,100,5
124,102,4
124,103,7
124,104,4
124,113,1
124,114,4
124,115,4
124,116,2
124,118,1
124,121,3
124,122,1
124,125,2
125,2,1
125,23,1
125,28,1
125,30,1
125,33,1
125,44,1
125,45,3
125,46,4
125,47,1
125,52,2
125,53,1
125,54,1
125,56,5
125,58,4
125,59,2
125,60,2
125,62,1
125,63,1
125,64,2
125,65,1
125,66,1
125,69,1
125,70,3
125,71,2
125,72,3
125,73,5
125,74,2
125,76,1
125,77,1
125,80,1
125,81,2
125,84,1
125,85,2
125,86,1
125,87,5
125,88,3
125,89,1
125,90,2
125,91,2
125,93,3
125,96,2
125,97,2
125,98,1
125,99,1
125,100,1
125,101,2
125,102,3
125,103,3
125,104,3
125,107,1
125,109,1
125,110,2
125,123,1
126,8,1
126,12,2
126,30,1
126,42,1
126,46,2
126,47,4
126,48,2
126,49,1
126,50,1
126,52,1
126,57,1
126,59,1
126,61,1
126,62,3
126,63,3
126,64,3
126,66,1
126,67,1
126,68,1
126,70,1
126,72,3
126,74,1
126,78,1
126,82,1
126,83,1
126,87,1
126,89,1
126,90,2
126,91,2
126,101,1
126,102,3
126,113,1
126,119,1
126,122,2
